,Address,BeginDate,BeginTime,Category,Distance,Duration,EndDate,EndTime,IndexTime,Name,WeekDay,Weather,Mood
0,Washington,4/1/2018,1:45:30,,0,11h 12min 11sec,4/1/2018,12:57:41,4/1/2018 1:45,Port Angeles,6, clear-night,4.0
1,"113 W 1st St, Port Angeles, WA 98362",4/1/2018,0:14:07,Gastropub,0,1h 20min 25sec,4/1/2018,1:34:33,4/1/2018 0:14,Next Door Gastropub,6, clear-night,5.0
2,"Mora Rd, Forks, WA 98331",3/31/2018,19:48:48,Public Beach,0,2h 52min 8sec,3/31/2018,22:40:56,3/31/2018 19:48,Rialto Beach,5, clear-day,5.0
3,"3002 Mt Angeles Rd, Port Angeles, WA 98362",3/31/2018,17:34:28,National Park,0,0h 27min 28sec,3/31/2018,18:01:56,3/31/2018 17:34,Olympic National Park,5, clear-day,5.0
4,Washington,3/31/2018,13:36:06,,0,0h 34min 32sec,3/31/2018,14:10:38,3/31/2018 13:36,"Port Angeles, WA",5, clear-day,5.0
5,"140 S Del Guzzi Dr, Port Angeles, WA 98362",3/31/2018,12:39:52,Hotel,0,0h 15min 49sec,3/31/2018,12:55:41,3/31/2018 12:39,Olympic Lodge,5, clear-day,5.0
6,Washington,3/31/2018,12:21:47,,0,0h 12min 57sec,3/31/2018,12:34:44,3/31/2018 12:21,Port Angeles,5, clear-day,5.0
7,"140 S Del Guzzi Dr, Port Angeles, WA 98362",3/30/2018,23:39:37,Hotel,0,12h 35min 18sec,3/31/2018,12:14:56,3/30/2018 23:39,Olympic Lodge,4, clear-night,4.0
8,"2709 E Hwy 101, Port Angeles, WA 98362",3/30/2018,22:52:26,Grocery Store,0,0h 34min 50sec,3/30/2018,23:27:17,3/30/2018 22:52,Safeway,4, clear-night,4.0
9,Washington,3/30/2018,22:36:36,,0,0h 6min 23sec,3/30/2018,22:42:59,3/30/2018 22:36,Port Angeles,4, clear-night,4.0
10,"920 E 1st St, Port Angeles, WA 98362",3/30/2018,21:34:14,Chinese,0,0h 55min 54sec,3/30/2018,22:30:09,3/30/2018 21:34,Tendy's Garden,4, clear-day,5.0
11,"113 W 1st St, Port Angeles, WA 98362",3/30/2018,21:21:50,Gastropub,0,0h 8min 30sec,3/30/2018,21:30:20,3/30/2018 21:21,Next Door Gastropub,4, clear-day,3.0
12,"140 S Del Guzzi Dr, Port Angeles, WA 98362",3/30/2018,20:17:22,Hotel,0,0h 59min 14sec,3/30/2018,21:16:36,3/30/2018 20:17,Olympic Lodge,4, clear-day,4.0
13,Washington,3/30/2018,18:23:20,,0,0h 9min 38sec,3/30/2018,18:32:59,3/30/2018 18:23,Bainbridge Island,4, clear-day,5.0
14,"801 Alaskan Way, Seattle, WA 98104",3/30/2018,16:58:51,Ferry Terminal,0,0h 48min 13sec,3/30/2018,17:47:04,3/30/2018 16:58,Seattle,4, clear-day,5.0
15,"Seattle, WA",3/30/2018,16:31:56,,0,0h 16min 16sec,3/30/2018,16:48:13,3/30/2018 16:31,Pike Place Market,4, clear-day,5.0
16,"85 Pike St #500, Seattle, WA 98101",3/30/2018,16:04:30,Market,0,0h 23min 1sec,3/30/2018,16:27:31,3/30/2018 16:04,Pike Place Market,4, clear-day,5.0
17,"Seattle, WA",3/30/2018,14:03:13,,0,0h 55min 34sec,3/30/2018,14:58:47,3/30/2018 14:03,Pike Place Market,4, clear-day,5.0
18,"17801 International Blvd, Seattle, WA 98158",3/30/2018,12:03:23,Airport,0,1h 0min 28sec,3/30/2018,13:03:52,3/30/2018 12:03,Seattle-Tacoma International Airport,4, partly-cloudy-day,4.0
19,"3600 Presidential Blvd, Austin, TX 78719",3/30/2018,6:24:35,Airport,0,0h 51min 6sec,3/30/2018,7:15:42,3/30/2018 6:24,Austin-Bergstrom International Airport,4, clear-night,4.0
20,"The Bungalows, 2703 Swisher St, Austin, TX 78705",3/29/2018,23:00:00,Apartment Building,0,7h 1min 29sec,3/30/2018,6:01:30,3/29/2018 23:00,Home,3, clear-night,4.0
21,"Austin, TX 78712",3/29/2018,21:25:24,Public University,0,1h 28min 54sec,3/29/2018,22:54:19,3/29/2018 21:25,The University of Texas at Austin,3, clear-night,4.0
22,"301 E Dean Keeton St, Austin, TX 78712",3/29/2018,16:52:29,School,0,4h 24min 48sec,3/29/2018,21:17:18,3/29/2018 16:52,ECJ,3, clear-day,2.0
23,"2222 Guadalupe St B, Austin, TX 78705",3/29/2018,15:57:35,Cafe,0,0h 40min 16sec,3/29/2018,16:37:51,3/29/2018 15:57,Caffe Medici,3, clear-day,5.0
24,"Austin, TX 78712",3/29/2018,15:34:41,Public University,0,0h 20min 49sec,3/29/2018,15:55:31,3/29/2018 15:34,The University of Texas at Austin,3, clear-day,4.0
25,"The Bungalows, 2703 Swisher St, Austin, TX 78705",3/29/2018,12:58:37,Apartment Building,0,2h 26min 18sec,3/29/2018,15:24:56,3/29/2018 12:58,Home,3, clear-day,3.0
26,"Austin, TX 78712",3/29/2018,9:07:12,Public University,0,3h 46min 17sec,3/29/2018,12:53:30,3/29/2018 9:07,The University of Texas at Austin,3, partly-cloudy-day,2.0
27,"The Bungalows, 2703 Swisher St, Austin, TX 78705",3/28/2018,23:30:37,Apartment Building,0,9h 28min 28sec,3/29/2018,8:59:06,3/28/2018 23:30,Home,2, rain,3.0
28,"2823 E Mlk St, Austin, TX 78702",3/28/2018,18:08:24,Apartment Rental Agency,0,5h 16min 5sec,3/28/2018,23:24:30,3/28/2018 18:08,Platform Apartments,2, partly-cloudy-day,5.0
29,"The Bungalows, 2703 Swisher St, Austin, TX 78705",3/28/2018,11:12:50,Apartment Building,0,6h 40min 8sec,3/28/2018,17:52:59,3/28/2018 11:12,Home,2, rain,3.0
30,"301 E Dean Keeton St, Austin, TX 78712",3/28/2018,10:07:31,School,0,0h 58min 16sec,3/28/2018,11:05:47,3/28/2018 10:07,ECJ,2, rain,3.0
31,"Austin, TX 78712",3/28/2018,8:51:02,Public University,0,1h 12min 3sec,3/28/2018,10:03:05,3/28/2018 8:51,The University of Texas at Austin,2, clear-day,2.0
32,"The Bungalows, 2703 Swisher St, Austin, TX 78705",3/27/2018,19:10:47,Apartment Building,0,13h 27min 59sec,3/28/2018,8:38:46,3/27/2018 19:10,Home,1, partly-cloudy-day,3.0
33,"301 E Dean Keeton St, Austin, TX 78712",3/27/2018,9:52:47,School,0,9h 12min 49sec,3/27/2018,19:05:36,3/27/2018 9:52,ECJ,1, partly-cloudy-day,3.0
34,"2807 San Jacinto Blvd, Austin, TX 78712",3/27/2018,9:02:26,Taco Restaurant,0,0h 43min 37sec,3/27/2018,9:46:03,3/27/2018 9:02,Taco Joint,1, clear-day,4.0
35,"Austin, TX 78712",3/27/2018,7:36:01,Public University,0,1h 14min 1sec,3/27/2018,8:50:02,3/27/2018 7:36,The University of Texas at Austin,1, partly-cloudy-day,4.0
36,"The Bungalows, 2703 Swisher St, Austin, TX 78705",3/26/2018,19:39:36,Apartment Building,0,11h 44min 2sec,3/27/2018,7:23:39,3/26/2018 19:39,Home,0, clear-day,3.0
37,"301 E Dean Keeton St, Austin, TX 78712",3/26/2018,17:26:24,School,0,2h 11min 10sec,3/26/2018,19:37:34,3/26/2018 17:26,ECJ,0, clear-day,3.0
38,"The Bungalows, 2703 Swisher St, Austin, TX 78705",3/26/2018,17:13:49,Apartment Building,0,0h 6min 16sec,3/26/2018,17:20:06,3/26/2018 17:13,Home,0, clear-day,3.0
39,"1190 Chicon St, Austin, TX 78702",3/26/2018,15:22:39,Community Center,0,1h 45min 6sec,3/26/2018,17:07:45,3/26/2018 15:22,Mission Possible Austin,0, wind,2.0
40,"The Bungalows, 2703 Swisher St, Austin, TX 78705",3/26/2018,14:14:02,Apartment Building,0,1h 0min 15sec,3/26/2018,15:14:18,3/26/2018 14:14,Home,0, wind,3.0
41,"Austin, TX 78712",3/26/2018,8:54:56,Public University,0,5h 16min 47sec,3/26/2018,14:11:43,3/26/2018 8:54,The University of Texas at Austin,0, partly-cloudy-day,2.0
42,"The Bungalows, 2703 Swisher St, Austin, TX 78705",3/26/2018,0:55:32,Apartment Building,0,7h 50min 59sec,3/26/2018,8:46:32,3/26/2018 0:55,Home,0, partly-cloudy-night,3.0
43,"2101 Speedway, Austin, TX 78712",3/25/2018,22:45:25,Recreation Center,0,1h 58min 30sec,3/26/2018,0:43:55,3/25/2018 22:45,Gregory Gymnasium,6, clear-night,4.0
44,"Austin, TX 78712",3/25/2018,19:24:20,Public University,0,3h 17min 3sec,3/25/2018,22:41:23,3/25/2018 19:24,The University of Texas at Austin,6, partly-cloudy-day,4.0
45,"510 W 26th St, Austin, TX 78705",3/25/2018,17:38:34,Thai,0,1h 11min 26sec,3/25/2018,18:50:00,3/25/2018 17:38,Madam Mam's,6, clear-day,4.0
46,"Plano, TX 75025",3/25/2018,12:23:12,,0,0h 46min 23sec,3/25/2018,13:09:35,3/25/2018 12:23,2217 Stanmore Ln,6, partly-cloudy-day,4.0
47,"Plano, TX 75074",3/24/2018,21:26:29,,0,14h 44min 18sec,3/25/2018,12:10:47,3/24/2018 21:26,2428 Bigleaf Ct,5, clear-night,2.0
48,"2601 Preston Rd, Frisco, TX 75034",3/24/2018,19:04:48,Shopping Mall,0,1h 52min 4sec,3/24/2018,20:56:52,3/24/2018 19:04,Stonebriar Centre,5, clear-day,5.0
49,"Plano, TX 75074",3/24/2018,14:26:40,,0,4h 11min 4sec,3/24/2018,18:37:45,3/24/2018 14:26,2428 Bigleaf Ct,5, clear-day,3.0
50,"1621 Custer Rd, Plano, TX 75075",3/24/2018,14:03:26,Garden Center,0,0h 10min 38sec,3/24/2018,14:14:04,3/24/2018 14:03,Calloway's Nursery,5, clear-day,4.0
51,"Plano, TX 75074",3/24/2018,13:26:36,,0,0h 22min 46sec,3/24/2018,13:49:23,3/24/2018 13:26,2428 Bigleaf Ct,5, clear-day,4.0
52,"1000 E Belt Line Rd, Richardson, TX 75081",3/24/2018,12:55:14,Plant Nursery,0,0h 14min 8sec,3/24/2018,13:09:22,3/24/2018 12:55,Bruce Miller Nursery,5, clear-day,4.0
53,"Plano, TX 75074",3/24/2018,11:52:23,,0,0h 42min 54sec,3/24/2018,12:35:18,3/24/2018 11:52,2428 Bigleaf Ct,5, clear-day,4.0
54,"6001 N Central Expy, Plano, TX 75023",3/24/2018,11:25:16,Department Store,0,0h 10min 1sec,3/24/2018,11:35:17,3/24/2018 11:25,Walmart Supercenter,5, clear-day,3.0
55,"12817 Preston Rd #129, Dallas, TX 75230",3/24/2018,9:15:30,Canadian,0,1h 46min 51sec,3/24/2018,11:02:21,3/24/2018 9:15,Maple Leaf Diner,5, clear-day,5.0
56,"Plano, TX 75074",3/24/2018,0:31:43,,0,8h 14min 18sec,3/24/2018,8:46:02,3/24/2018 0:31,2428 Bigleaf Ct,5, wind,3.0
57,"Plano, TX 75025",3/23/2018,21:46:01,,0,2h 29min 25sec,3/24/2018,0:15:26,3/23/2018 21:46,2217 Stanmore Ln,4, clear-night,4.0
58,"Dallas, TX 75231",3/23/2018,20:51:32,,0,0h 14min 56sec,3/23/2018,21:06:28,3/23/2018 20:51,Vickery Meadow,4, clear-night,5.0
59,"Abbott, TX 76621",3/23/2018,19:50:04,,0,0h 19min 6sec,3/23/2018,20:09:10,3/23/2018 19:50,10241 N Interstate 35 Frontage Rd,4, clear-night,3.0
60,"1110 N Robertson Rd, Salado, TX 76571",3/23/2018,18:01:14,Fast Food,0,0h 40min 36sec,3/23/2018,18:41:50,3/23/2018 18:01,Sonic Drive-In,4, clear-day,4.0
61,"11900 Hobby Horse Ct, Austin, TX 78758",3/23/2018,16:59:19,Apartment Building,0,0h 6min 26sec,3/23/2018,17:05:46,3/23/2018 16:59,Radius at the Domain,4, partly-cloudy-day,4.0
62,"The Bungalows, 2703 Swisher St, Austin, TX 78705",3/23/2018,12:39:38,Apartment Building,0,3h 44min 51sec,3/23/2018,16:24:30,3/23/2018 12:39,Home,4, cloudy,3.0
63,"2101 Speedway, Austin, TX 78712",3/23/2018,10:02:19,Recreation Center,0,2h 21min 17sec,3/23/2018,12:23:37,3/23/2018 10:02,Gregory Gymnasium,4, partly-cloudy-day,5.0
64,"Austin, TX 78712",3/23/2018,8:46:58,Public University,0,1h 5min 14sec,3/23/2018,9:52:12,3/23/2018 8:46,The University of Texas at Austin,4, partly-cloudy-day,2.0
65,"The Bungalows, 2703 Swisher St, Austin, TX 78705",3/22/2018,21:28:54,Apartment Building,0,11h 8min 9sec,3/23/2018,8:37:03,3/22/2018 21:28,Home,3, clear-night,4.0
66,"301 E Dean Keeton St, Austin, TX 78712",3/22/2018,18:35:40,School,0,2h 50min 40sec,3/22/2018,21:26:20,3/22/2018 18:35,ECJ,3, clear-day,2.0
67,"4905 Airport Blvd, Austin, TX 78751",3/22/2018,17:28:35,Taco Restaurant,0,0h 56min 30sec,3/22/2018,18:25:05,3/22/2018 17:28,Tyson's Tacos,3, clear-day,5.0
68,"Austin, TX",3/22/2018,17:01:41,,0,0h 10min 19sec,3/22/2018,17:12:01,3/22/2018 17:01,University of Texas at Austin,3, clear-day,4.0
69,"2200 Pearl St, Austin, TX 78705",3/22/2018,16:23:10,Apartment Complex,0,0h 29min 19sec,3/22/2018,16:52:29,3/22/2018 16:23,The Block on Pearl South,3, clear-day,4.0
70,"2246 Guadalupe St, Austin, TX 78705",3/22/2018,16:06:29,Clothing Store,0,0h 10min 2sec,3/22/2018,16:16:31,3/22/2018 16:06,University Co-op,3, partly-cloudy-day,4.0
71,"2304 Whitis Ave #338, Austin, TX 78712",3/22/2018,15:31:02,Student Career Counseling Office,0,0h 34min 0sec,3/22/2018,16:05:02,3/22/2018 15:31,FAC,3, partly-cloudy-day,3.0
72,"301 E Dean Keeton St, Austin, TX 78712",3/22/2018,13:56:46,School,0,1h 23min 36sec,3/22/2018,15:20:22,3/22/2018 13:56,ECJ,3, partly-cloudy-day,2.0
73,"The Bungalows, 2703 Swisher St, Austin, TX 78705",3/22/2018,11:59:35,Apartment Building,0,1h 53min 22sec,3/22/2018,13:52:57,3/22/2018 11:59,Home,3, clear-day,3.0
74,"Austin, TX 78712",3/22/2018,8:59:28,Public University,0,2h 51min 48sec,3/22/2018,11:51:17,3/22/2018 8:59,The University of Texas at Austin,3, clear-day,2.0
75,"2101 Speedway, Austin, TX 78712",3/22/2018,7:44:30,Recreation Center,0,1h 4min 57sec,3/22/2018,8:49:27,3/22/2018 7:44,Gregory Gymnasium,3, clear-day,4.0
76,"The Bungalows, 2703 Swisher St, Austin, TX 78705",3/21/2018,15:51:50,Apartment Building,0,15h 42min 32sec,3/22/2018,7:34:22,3/21/2018 15:51,Home,2, clear-day,3.0
77,"Austin, TX 78712",3/21/2018,8:44:50,Public University,0,7h 3min 3sec,3/21/2018,15:47:53,3/21/2018 8:44,The University of Texas at Austin,2, clear-day,3.0
78,"The Bungalows, 2703 Swisher St, Austin, TX 78705",3/20/2018,22:22:38,Apartment Building,0,10h 10min 23sec,3/21/2018,8:33:02,3/20/2018 22:22,Home,1, clear-night,3.0
79,"3737 Executive Center Dr Ste. 210, Austin, TX 78731",3/20/2018,21:57:55,Public Relations Firm,0,0h 6min 16sec,3/20/2018,22:04:12,3/20/2018 21:57,Ketner Group PR + Marketing,1, clear-night,4.0
80,"2525 W Anderson Ln, Austin, TX 78757",3/20/2018,18:23:32,Shopping Mall,0,3h 27min 58sec,3/20/2018,21:51:30,3/20/2018 18:23,Northcross Mall,1, clear-day,4.0
81,"7849 Shoal Creek Blvd, Austin, TX 78757",3/20/2018,17:36:57,Restaurant,0,0h 42min 22sec,3/20/2018,18:19:19,3/20/2018 17:36,Cabo Bob's,1, clear-day,5.0
82,"2525 W Anderson Ln, Austin, TX 78757",3/20/2018,17:21:37,Shopping Mall,0,0h 11min 10sec,3/20/2018,17:32:47,3/20/2018 17:21,Northcross Mall,1, clear-day,4.0
83,"The Bungalows, 2703 Swisher St, Austin, TX 78705",3/20/2018,15:49:17,Apartment Building,0,1h 10min 56sec,3/20/2018,17:00:14,3/20/2018 15:49,Home,1, clear-day,3.0
84,"301 E Dean Keeton St, Austin, TX 78712",3/20/2018,13:36:11,School,0,2h 10min 36sec,3/20/2018,15:46:47,3/20/2018 13:36,ECJ,1, clear-day,2.0
85,"Austin, TX 78712",3/20/2018,12:24:10,Public University,0,1h 10min 45sec,3/20/2018,13:34:55,3/20/2018 12:24,The University of Texas at Austin,1, clear-day,3.0
86,"The Bungalows, 2703 Swisher St, Austin, TX 78705",3/20/2018,9:14:58,Apartment Building,0,3h 4min 31sec,3/20/2018,12:19:30,3/20/2018 9:14,Home,1, clear-day,3.0
87,"Austin, TX 78712",3/20/2018,7:30:20,Public University,0,1h 28min 57sec,3/20/2018,8:59:17,3/20/2018 7:30,The University of Texas at Austin,1, clear-night,4.0
88,"The Bungalows, 2703 Swisher St, Austin, TX 78705",3/19/2018,18:09:05,Apartment Building,0,13h 11min 17sec,3/20/2018,7:20:22,3/19/2018 18:09,Home,0, clear-day,3.0
89,"The Bungalows, 2703 Swisher St, Austin, TX 78705",3/19/2018,17:21:03,Apartment Building,0,0h 32min 24sec,3/19/2018,17:53:28,3/19/2018 17:21,Home,0, clear-day,3.0
90,"1190 Chicon St, Austin, TX 78702",3/19/2018,15:13:51,Community Center,0,1h 58min 58sec,3/19/2018,17:12:50,3/19/2018 15:13,Mission Possible Austin,0, clear-day,2.0
91,"The Bungalows, 2703 Swisher St, Austin, TX 78705",3/19/2018,11:38:26,Apartment Building,0,3h 29min 46sec,3/19/2018,15:08:12,3/19/2018 11:38,Home,0, clear-day,3.0
92,"Austin, TX 78712",3/19/2018,8:58:54,Public University,0,2h 32min 25sec,3/19/2018,11:31:19,3/19/2018 8:58,The University of Texas at Austin,0, clear-day,2.0
93,"2101 Speedway, Austin, TX 78712",3/19/2018,7:45:11,Recreation Center,0,1h 11min 42sec,3/19/2018,8:56:54,3/19/2018 7:45,Gregory Gymnasium,0, clear-day,5.0
94,"Austin, TX 78705",3/19/2018,7:18:34,Bus Station,0,0h 14min 8sec,3/19/2018,7:32:42,3/19/2018 7:18,3100 Red River/32nd,0, clear-night,2.0
95,"The Bungalows, 2703 Swisher St, Austin, TX 78705",3/18/2018,22:19:00,Apartment Building,0,8h 59min 18sec,3/19/2018,7:18:18,3/18/2018 22:19,Home,6, clear-night,4.0
96,"11900 Hobby Horse Ct, Austin, TX 78758",3/18/2018,18:19:49,Apartment Building,0,3h 42min 51sec,3/18/2018,22:02:40,3/18/2018 18:19,Radius at the Domain,6, clear-day,5.0
97,"1000 E 41st St, Austin, TX 78751",3/18/2018,17:34:48,Shopping Mall,0,0h 19min 38sec,3/18/2018,17:54:26,3/18/2018 17:34,Hancock Center,6, clear-day,4.0
98,"The Bungalows, 2703 Swisher St, Austin, TX 78705",3/18/2018,10:55:35,Apartment Building,0,6h 31min 21sec,3/18/2018,17:26:56,3/18/2018 10:55,Home,6, partly-cloudy-day,4.0
99,"1715 Cesar Chavez St, Austin, TX 78703",3/18/2018,9:23:51,High School,0,1h 13min 16sec,3/18/2018,10:37:07,3/18/2018 9:23,Austin High School,6, partly-cloudy-day,5.0
100,Texas,3/18/2018,9:13:58,,0,0h 9min 18sec,3/18/2018,9:23:16,3/18/2018 9:13,Austin,6, clear-day,3.0
101,"The Bungalows, 2703 Swisher St, Austin, TX 78705",3/17/2018,15:19:50,Apartment Building,0,17h 48min 11sec,3/18/2018,9:08:01,3/17/2018 15:19,Home,5, clear-day,3.0
102,"Austin, TX 78712",3/17/2018,13:05:48,Public University,0,1h 43min 46sec,3/17/2018,14:49:35,3/17/2018 13:05,The University of Texas at Austin,5, partly-cloudy-day,5.0
103,"Austin, TX 78712",3/17/2018,11:39:11,Public University,0,0h 39min 43sec,3/17/2018,12:18:54,3/17/2018 11:39,The University of Texas at Austin,5, partly-cloudy-day,5.0
104,"6900 Brodie Ln, Austin, TX 78745",3/17/2018,10:42:33,Grocery Store,0,0h 15min 34sec,3/17/2018,10:58:07,3/17/2018 10:42,H-E-B Grocery,5, partly-cloudy-day,5.0
105,"715 S Exposition Blvd, Austin, TX 78703",3/17/2018,10:06:09,Grocery Store,0,0h 26min 58sec,3/17/2018,10:33:07,3/17/2018 10:06,Randalls,5, partly-cloudy-day,5.0
106,"The Bungalows, 2703 Swisher St, Austin, TX 78705",3/15/2018,20:04:15,Apartment Building,0,37h 43min 14sec,3/17/2018,9:47:30,3/15/2018 20:04,Home,3, clear-night,4.0
107,"1000 E 41st St, Austin, TX 78751",3/15/2018,19:22:45,Shopping Mall,0,0h 35min 16sec,3/15/2018,19:58:01,3/15/2018 19:22,Hancock Center,3, cloudy,4.0
108,"3600 Presidential Blvd, Austin, TX 78719",3/15/2018,18:11:11,Airport,0,0h 36min 32sec,3/15/2018,18:47:44,3/15/2018 18:11,Austin-Bergstrom International Airport,3, cloudy,4.0
109,"100 Terminal Dr, Fort Lauderdale, FL 33315",3/15/2018,13:35:32,Airport,0,1h 23min 58sec,3/15/2018,14:59:30,3/15/2018 13:35,Fort Lauderdale-Hollywood International Airport,3, partly-cloudy-day,4.0
110,"1100 Seabreeze Blvd, Fort Lauderdale, FL 33316",3/15/2018,11:14:17,Park,0,1h 52min 38sec,3/15/2018,13:06:55,3/15/2018 11:14,Fort Lauderdale Beach Park,3, clear-day,5.0
111,"441 S Fort Lauderdale Beach Blvd, Fort Lauderdale, FL 33316",3/15/2018,10:44:39,Coffee Shop,0,0h 22min 53sec,3/15/2018,11:07:32,3/15/2018 10:44,St. Bart's Coffee Company,3, clear-day,5.0
112,"417 S Fort Lauderdale Beach Blvd, Fort Lauderdale, FL 33316",3/15/2018,9:15:18,Breakfast Restaurant,0,1h 25min 0sec,3/15/2018,10:40:18,3/15/2018 9:15,Beach Bunnies Cafe,3, clear-day,4.0
113,"Fort Lauderdale, FL 33316",3/15/2018,7:39:46,Shipyard,0,1h 10min 45sec,3/15/2018,8:50:31,3/15/2018 7:39,Port Everglades Terminal 29,3, clear-day,3.0
114,"Quintana Roo, Mexico",3/13/2018,16:12:12,Island,0,0h 12min 48sec,3/13/2018,16:25:00,3/13/2018 16:12,Cozumel,1, partly-cloudy-day,5.0
115,"Quintana Roo C-1 km 4.5, Costera, 77600 San Miguel de Cozumel, Q.R., Mexico",3/13/2018,15:59:46,Cruise Terminal,0,0h 6min 1sec,3/13/2018,16:05:47,3/13/2018 15:59,"Cruise Ship Terminal, Cozumel, Mexico",1, cloudy,4.0
116,"Quintana Roo, Mexico",3/13/2018,15:35:15,Island,0,0h 16min 12sec,3/13/2018,15:51:28,3/13/2018 15:35,Cozumel,1, partly-cloudy-day,4.0
117,"Carretera a Chankanaab Km 8.5 s/n, Zona Hotelera Sur, 77600 San Miguel de Cozumel, Q.R., Mexico",3/13/2018,11:51:20,Tour Agency,0,3h 26min 41sec,3/13/2018,15:18:01,3/13/2018 11:51,Playa Uvas,1, clear-day,5.0
118,"Carretera a Chankanaab Km 8.5 s/n, Zona Hotelera Sur, 77600 San Miguel de Cozumel, Q.R., Mexico",3/13/2018,10:43:02,Tour Agency,0,0h 48min 45sec,3/13/2018,11:31:47,3/13/2018 10:43,Playa Uvas,1, partly-cloudy-day,5.0
119,"Carretera Mahahual - Xcalak Km. 6.5, 77940 Mahahual, Q.R., Mexico",3/12/2018,11:46:36,Beach Resort,0,1h 22min 28sec,3/12/2018,13:09:05,3/12/2018 11:46,Maya Chan Beach,0, clear-day,5.0
120,"Hollywood, FL 33019",3/10/2018,17:13:31,Lake,0,0h 6min 3sec,3/10/2018,17:19:35,3/10/2018 17:13,North Lake,5, rain,4.0
121,Florida,3/10/2018,15:29:50,,0,0h 19min 5sec,3/10/2018,15:48:56,3/10/2018 15:29,Hollywood,5, clear-day,3.0
122,"Fort Lauderdale, FL 33316",3/10/2018,11:17:14,Shipyard,0,2h 9min 59sec,3/10/2018,13:27:13,3/10/2018 11:17,Port Everglades Terminal 29,5, partly-cloudy-day,3.0
123,"2301 SW 12th Ave, Fort Lauderdale, FL 33315",3/9/2018,22:55:28,Hotel,0,11h 55min 53sec,3/10/2018,10:51:22,3/9/2018 22:55,Hampton Inn Ft. Lauderdale Airport North Cruise Port,4, clear-night,4.0
124,"1201 FL-84, Fort Lauderdale, FL 33315",3/9/2018,22:05:21,Fast Food,0,0h 42min 50sec,3/9/2018,22:48:12,3/9/2018 22:05,McDonald's,4, clear-night,5.0
125,"2301 SW 12th Ave, Fort Lauderdale, FL 33315",3/9/2018,20:35:07,Hotel,0,1h 23min 26sec,3/9/2018,21:58:33,3/9/2018 20:35,Hampton Inn Ft. Lauderdale Airport North Cruise Port,4, clear-night,4.0
126,"1625 Cordova Rd, Fort Lauderdale, FL 33316",3/9/2018,19:26:57,Supermarket,0,0h 16min 25sec,3/9/2018,19:43:22,3/9/2018 19:26,Winn-Dixie,4, clear-night,4.0
127,"Fort Lauderdale, FL 33316",3/9/2018,19:06:23,,0,0h 10min 58sec,3/9/2018,19:17:21,3/9/2018 19:06,Harbordale,4, clear-night,5.0
128,"Fort Lauderdale, FL 33316",3/9/2018,18:57:50,,0,0h 7min 57sec,3/9/2018,19:05:47,3/9/2018 18:57,Harbordale,4, clear-night,5.0
129,"Fort Lauderdale, FL 33316",3/9/2018,18:34:09,,0,0h 15min 2sec,3/9/2018,18:49:11,3/9/2018 18:34,2301 SE 17th St,4, clear-night,3.0
130,"Fort Lauderdale, FL",3/9/2018,18:07:00,,0,0h 8min 49sec,3/9/2018,18:15:49,3/9/2018 18:07,Central Beach,4, clear-night,5.0
131,"429 Seabreeze Blvd, Fort Lauderdale, FL 33316",3/9/2018,15:58:47,Seafood,0,1h 53min 1sec,3/9/2018,17:51:49,3/9/2018 15:58,Coconuts,4, clear-day,5.0
132,"2301 SW 12th Ave, Fort Lauderdale, FL 33315",3/9/2018,14:37:50,Hotel,0,0h 48min 18sec,3/9/2018,15:26:08,3/9/2018 14:37,Hampton Inn Ft. Lauderdale Airport North Cruise Port,4, clear-day,4.0
133,"3600 Presidential Blvd, Austin, TX 78719",3/9/2018,10:56:21,Airport,0,0h 17min 22sec,3/9/2018,11:13:43,3/9/2018 10:56,Austin-Bergstrom International Airport,4, partly-cloudy-day,3.0
134,Texas,3/9/2018,10:41:04,,0,0h 12min 42sec,3/9/2018,10:53:47,3/9/2018 10:41,Austin,4, clear-day,3.0
135,"2823 E Mlk St, Austin, TX 78702",3/9/2018,10:07:23,Apartment Rental Agency,0,0h 5min 56sec,3/9/2018,10:13:20,3/9/2018 10:07,Platform Apartments,4, partly-cloudy-day,4.0
136,"The Bungalows, 2703 Swisher St, Austin, TX 78705",3/9/2018,9:49:51,Apartment Building,0,0h 7min 28sec,3/9/2018,9:57:19,3/9/2018 9:49,Home,4, partly-cloudy-day,3.0
137,"Austin, TX 78712",3/9/2018,8:53:24,Public University,0,0h 49min 22sec,3/9/2018,9:42:46,3/9/2018 8:53,The University of Texas at Austin,4, partly-cloudy-day,3.0
138,"The Bungalows, 2703 Swisher St, Austin, TX 78705",3/9/2018,8:30:13,Apartment Building,0,0h 9min 18sec,3/9/2018,8:39:31,3/9/2018 8:30,Home,4, partly-cloudy-day,3.0
139,"The Bungalows, 2703 Swisher St, Austin, TX 78705",3/8/2018,22:15:32,Apartment Building,0,9h 57min 30sec,3/9/2018,8:13:03,3/8/2018 22:15,Home,3, clear-night,4.0
140,"The Bungalows, 2703 Swisher St, Austin, TX 78705",3/8/2018,21:49:31,Apartment Building,0,0h 11min 47sec,3/8/2018,22:01:19,3/8/2018 21:49,Home,3, clear-night,3.0
141,"The Bungalows, 2703 Swisher St, Austin, TX 78705",3/8/2018,21:17:39,Apartment Building,0,0h 18min 15sec,3/8/2018,21:35:55,3/8/2018 21:17,Home,3, clear-night,4.0
142,"301 E Dean Keeton St, Austin, TX 78712",3/8/2018,18:02:26,School,0,3h 3min 59sec,3/8/2018,21:06:26,3/8/2018 18:02,ECJ,3, clear-day,2.0
143,"Austin, TX 78705",3/8/2018,17:26:41,,0,0h 12min 55sec,3/8/2018,17:39:37,3/8/2018 17:26,West Campus,3, clear-day,4.0
144,"2021 Guadalupe St, Austin, TX 78705",3/8/2018,16:56:39,Department Store,0,0h 26min 18sec,3/8/2018,17:22:57,3/8/2018 16:56,Target,3, clear-day,4.0
145,"303 W Martin Luther King Jr Blvd, Austin, TX 78701",3/8/2018,15:54:10,Frozen Yogurt Shop,0,1h 0min 19sec,3/8/2018,16:54:29,3/8/2018 15:54,TCBY,3, clear-day,4.0
146,"301 E Dean Keeton St, Austin, TX 78712",3/8/2018,13:51:29,School,0,1h 29min 7sec,3/8/2018,15:20:36,3/8/2018 13:51,ECJ,3, clear-day,2.0
147,"The Bungalows, 2703 Swisher St, Austin, TX 78705",3/8/2018,12:54:17,Apartment Building,0,0h 52min 11sec,3/8/2018,13:46:28,3/8/2018 12:54,Home,3, clear-day,4.0
148,"Austin, TX 78712",3/8/2018,9:12:57,Public University,0,3h 32min 26sec,3/8/2018,12:45:23,3/8/2018 9:12,The University of Texas at Austin,3, clear-day,3.0
149,"The Bungalows, 2703 Swisher St, Austin, TX 78705",3/7/2018,22:39:00,Apartment Building,0,10h 25min 40sec,3/8/2018,9:04:40,3/7/2018 22:39,Home,2, clear-night,4.0
150,"301 E Dean Keeton St, Austin, TX 78712",3/7/2018,18:21:40,School,0,4h 4min 35sec,3/7/2018,22:26:15,3/7/2018 18:21,ECJ,2, clear-day,4.0
151,"Austin, TX 78712",3/7/2018,14:05:13,Public University,0,4h 5min 44sec,3/7/2018,18:10:57,3/7/2018 14:05,The University of Texas at Austin,2, clear-day,3.0
152,"301 E Dean Keeton St, Austin, TX 78712",3/7/2018,11:58:40,School,0,1h 56min 33sec,3/7/2018,13:55:14,3/7/2018 11:58,ECJ,2, clear-day,3.0
153,"Austin, TX 78712",3/7/2018,7:29:38,Public University,0,4h 26min 50sec,3/7/2018,11:56:29,3/7/2018 7:29,The University of Texas at Austin,2, clear-day,4.0
154,"The Bungalows, 2703 Swisher St, Austin, TX 78705",3/6/2018,22:43:32,Apartment Building,0,8h 33min 46sec,3/7/2018,7:17:19,3/6/2018 22:43,Home,1, clear-night,4.0
155,"3737 Executive Center Dr Ste. 210, Austin, TX 78731",3/6/2018,21:50:53,Public Relations Firm,0,0h 38min 39sec,3/6/2018,22:29:33,3/6/2018 21:50,Ketner Group PR + Marketing,1, clear-night,5.0
156,"9617 Great Hills Trail, Austin, TX 78759",3/6/2018,19:08:20,Apartment Building,0,2h 34min 0sec,3/6/2018,21:42:20,3/6/2018 19:08,Arboretum Oaks Apartments,1, clear-night,4.0
157,"5114 Balcones Woods Dr, Austin, TX 78759",3/6/2018,17:51:31,Shopping Mall,0,1h 13min 9sec,3/6/2018,19:04:41,3/6/2018 17:51,Balcones Woods,1, clear-day,5.0
158,"301 E Dean Keeton St, Austin, TX 78712",3/6/2018,11:32:23,School,0,5h 24min 2sec,3/6/2018,16:56:26,3/6/2018 11:32,ECJ,1, clear-day,4.0
159,"2807 San Jacinto Blvd, Austin, TX 78712",3/6/2018,9:07:41,Taco Restaurant,0,2h 12min 38sec,3/6/2018,11:20:19,3/6/2018 9:07,Taco Joint,1, clear-day,4.0
160,"Austin, TX 78712",3/6/2018,7:36:33,Public University,0,1h 18min 23sec,3/6/2018,8:54:57,3/6/2018 7:36,The University of Texas at Austin,1, clear-day,4.0
161,"The Bungalows, 2703 Swisher St, Austin, TX 78705",3/5/2018,17:08:35,Apartment Building,0,14h 16min 7sec,3/6/2018,7:24:43,3/5/2018 17:08,Home,0, clear-day,3.0
162,"1190 Chicon St, Austin, TX 78702",3/5/2018,15:08:04,Community Center,0,1h 51min 19sec,3/5/2018,16:59:23,3/5/2018 15:08,Mission Possible Austin,0, partly-cloudy-day,5.0
163,"The Bungalows, 2703 Swisher St, Austin, TX 78705",3/5/2018,11:54:07,Apartment Building,0,3h 7min 43sec,3/5/2018,15:01:50,3/5/2018 11:54,Home,0, partly-cloudy-day,3.0
164,"301 E Dean Keeton St, Austin, TX 78712",3/5/2018,10:11:12,School,0,1h 39min 55sec,3/5/2018,11:51:08,3/5/2018 10:11,ECJ,0, clear-day,3.0
165,"Austin, TX 78712",3/5/2018,8:47:08,Public University,0,1h 17min 40sec,3/5/2018,10:04:48,3/5/2018 8:47,The University of Texas at Austin,0, partly-cloudy-day,2.0
166,"The Bungalows, 2703 Swisher St, Austin, TX 78705",3/4/2018,23:36:05,Apartment Building,0,9h 3min 30sec,3/5/2018,8:39:35,3/4/2018 23:36,Home,6, cloudy,3.0
167,"11900 Hobby Horse Ct, Austin, TX 78758",3/4/2018,19:26:52,Apartment Building,0,3h 53min 59sec,3/4/2018,23:20:51,3/4/2018 19:26,Radius at the Domain,6, clear-night,4.0
168,"11101 Burnet Rd, Austin, TX 78758",3/4/2018,18:53:16,Chinese,0,0h 31min 27sec,3/4/2018,19:24:43,3/4/2018 18:53,Bamboo Bistro,6, clear-night,4.0
169,"11900 Hobby Horse Ct, Austin, TX 78758",3/4/2018,18:34:21,Apartment Building,0,0h 14min 29sec,3/4/2018,18:48:50,3/4/2018 18:34,Radius at the Domain,6, clear-night,3.0
170,"Plano, TX 75025",3/4/2018,14:10:28,,0,0h 55min 11sec,3/4/2018,15:05:39,3/4/2018 14:10,2217 Stanmore Ln,6, cloudy,4.0
171,"Plano, TX 75074",3/4/2018,13:22:23,,0,0h 33min 54sec,3/4/2018,13:56:17,3/4/2018 13:22,2428 Bigleaf Ct,6, clear-day,2.0
172,Texas,3/4/2018,10:58:21,,0,2h 12min 24sec,3/4/2018,13:10:46,3/4/2018 10:58,Richardson,6, clear-day,3.0
173,"Plano, TX 75074",3/4/2018,0:18:24,,0,10h 25min 0sec,3/4/2018,10:43:24,3/4/2018 0:18,2428 Bigleaf Ct,6, cloudy,3.0
174,"2924 Lucas Dr, Dallas, TX 75219",3/3/2018,20:57:46,Apartment Building,0,2h 56min 43sec,3/3/2018,23:54:29,3/3/2018 20:57,Aura Cedar Apartments,5, cloudy,5.0
175,Texas,3/3/2018,20:22:52,,0,0h 6min 1sec,3/3/2018,20:28:53,3/3/2018 20:22,Plano,5, clear-night,3.0
176,"Plano, TX 75074",3/3/2018,18:15:02,,0,2h 4min 22sec,3/3/2018,20:19:25,3/3/2018 18:15,2428 Bigleaf Ct,5, clear-day,4.0
177,"5901 Los Rios Blvd, Plano, TX 75074",3/3/2018,17:23:12,Park,0,0h 46min 57sec,3/3/2018,18:10:09,3/3/2018 17:23,Oak Point Park and Nature Preserve,5, clear-day,5.0
178,"Plano, TX 75074",3/3/2018,15:32:06,,0,1h 39min 5sec,3/3/2018,17:11:11,3/3/2018 15:32,2428 Bigleaf Ct,5, clear-day,4.0
179,"131 W Spring Creek Pkwy, Plano, TX 75023",3/3/2018,14:51:40,Asian Grocery Store,0,0h 28min 12sec,3/3/2018,15:19:52,3/3/2018 14:51,99 Ranch Market,5, clear-day,5.0
180,"1520 Independence Pkwy, Plano, TX 75075",3/3/2018,13:00:18,Chinese,0,1h 32min 47sec,3/3/2018,14:33:05,3/3/2018 13:00,Sun Lok Kee BBQ,5, clear-day,5.0
181,"2071 N Central Expy, Richardson, TX 75080",3/3/2018,10:11:42,Breakfast Restaurant,0,2h 34min 29sec,3/3/2018,12:46:11,3/3/2018 10:11,Cafe Brazil,5, clear-day,5.0
182,"Plano, TX 75074",3/3/2018,1:32:01,,0,8h 32min 22sec,3/3/2018,10:04:24,3/3/2018 1:32,2428 Bigleaf Ct,5, clear-night,3.0
183,"Plano, TX 75025",3/2/2018,21:07:26,,0,4h 0min 37sec,3/3/2018,1:08:03,3/2/2018 21:07,2217 Stanmore Ln,4, clear-night,4.0
184,"1301 S University Parks Dr, Waco, TX 76706",3/2/2018,18:30:36,Private University,0,0h 22min 2sec,3/2/2018,18:52:38,3/2/2018 18:30,Baylor University,4, clear-night,3.0
185,"11900 Hobby Horse Ct, Austin, TX 78758",3/2/2018,16:15:21,Apartment Building,0,0h 43min 56sec,3/2/2018,16:59:17,3/2/2018 16:15,Radius at the Domain,4, partly-cloudy-day,3.0
186,"Austin, TX 78712",3/2/2018,16:07:25,Public University,0,0h 6min 7sec,3/2/2018,16:13:33,3/2/2018 16:07,The University of Texas at Austin,4, partly-cloudy-day,3.0
187,"Austin, TX 78759",3/2/2018,15:47:58,Parking Lot,0,0h 13min 7sec,3/2/2018,16:01:05,3/2/2018 15:47,10401 Research Blvd,4, partly-cloudy-day,3.0
188,"The Bungalows, 2703 Swisher St, Austin, TX 78705",3/2/2018,13:25:40,Apartment Building,0,2h 3min 17sec,3/2/2018,15:28:58,3/2/2018 13:25,Home,4, clear-day,3.0
189,"114 W 7th St, Austin, TX 78701",3/2/2018,11:40:38,Steak,0,1h 23min 1sec,3/2/2018,13:03:40,3/2/2018 11:40,Perry's Steakhouse & Grille,4, clear-day,5.0
190,"Austin, TX 78712",3/2/2018,9:02:19,Public University,0,2h 16min 22sec,3/2/2018,11:18:42,3/2/2018 9:02,The University of Texas at Austin,4, clear-day,4.0
191,"The Bungalows, 2703 Swisher St, Austin, TX 78705",3/2/2018,0:35:32,Apartment Building,0,8h 13min 4sec,3/2/2018,8:48:36,3/2/2018 0:35,Home,4, clear-night,3.0
192,"Austin, TX 78712",3/1/2018,22:01:29,Public University,0,2h 23min 8sec,3/2/2018,0:24:37,3/1/2018 22:01,The University of Texas at Austin,3, clear-night,4.0
193,"The Bungalows, 2703 Swisher St, Austin, TX 78705",3/1/2018,21:40:07,Apartment Building,0,0h 10min 44sec,3/1/2018,21:50:51,3/1/2018 21:40,Home,3, clear-night,3.0
194,"The Bungalows, 2703 Swisher St, Austin, TX 78705",3/1/2018,21:04:45,Apartment Building,0,0h 14min 3sec,3/1/2018,21:18:49,3/1/2018 21:04,Home,3, clear-night,3.0
195,"301 E Dean Keeton St, Austin, TX 78712",3/1/2018,18:51:32,School,0,1h 59min 59sec,3/1/2018,20:51:32,3/1/2018 18:51,ECJ,3, clear-night,2.0
196,"1000 E 41st St, Austin, TX 78751",3/1/2018,18:06:52,Shopping Mall,0,0h 30min 37sec,3/1/2018,18:37:29,3/1/2018 18:06,Hancock Center,3, clear-day,4.0
197,"The Bungalows, 2703 Swisher St, Austin, TX 78705",3/1/2018,17:47:08,Apartment Building,0,0h 13min 43sec,3/1/2018,18:00:52,3/1/2018 17:47,Home,3, clear-day,3.0
198,"Austin, TX 78712",3/1/2018,15:27:35,Public University,0,2h 4min 3sec,3/1/2018,17:31:38,3/1/2018 15:27,The University of Texas at Austin,3, clear-day,3.0
199,"301 E Dean Keeton St, Austin, TX 78712",3/1/2018,12:49:01,School,0,2h 30min 53sec,3/1/2018,15:19:55,3/1/2018 12:49,ECJ,3, clear-day,3.0
200,"The Bungalows, 2703 Swisher St, Austin, TX 78705",3/1/2018,11:45:41,Apartment Building,0,0h 59min 11sec,3/1/2018,12:44:52,3/1/2018 11:45,Home,3, clear-day,3.0
201,"Austin, TX 78712",3/1/2018,9:08:48,Public University,0,2h 27min 21sec,3/1/2018,11:36:09,3/1/2018 9:08,The University of Texas at Austin,3, clear-day,2.0
202,"The Bungalows, 2703 Swisher St, Austin, TX 78705",2/28/2018,21:52:27,Apartment Building,0,11h 10min 9sec,3/1/2018,9:02:37,2/28/2018 21:52,Home,2, clear-night,
203,"The Bungalows, 2703 Swisher St, Austin, TX 78705",2/28/2018,20:37:01,Apartment Building,0,0h 58min 14sec,2/28/2018,21:35:16,2/28/2018 20:37,Home,2, clear-night,
204,"Austin, TX 78701",2/28/2018,20:23:05,,0,0h 7min 23sec,2/28/2018,20:30:29,2/28/2018 20:23,Waller Creek District,2, clear-night,
205,"Austin, TX 78712",2/28/2018,13:29:31,Public University,0,6h 36min 26sec,2/28/2018,20:05:57,2/28/2018 13:29,The University of Texas at Austin,2, clear-day,
206,"The Bungalows, 2703 Swisher St, Austin, TX 78705",2/28/2018,11:33:21,Apartment Building,0,1h 47min 46sec,2/28/2018,13:21:08,2/28/2018 11:33,Home,2, partly-cloudy-day,
207,"Austin, TX 78712",2/28/2018,8:48:22,Public University,0,2h 28min 45sec,2/28/2018,11:17:07,2/28/2018 8:48,The University of Texas at Austin,2, clear-day,
208,"The Bungalows, 2703 Swisher St, Austin, TX 78705",2/28/2018,8:15:59,Apartment Building,0,0h 21min 21sec,2/28/2018,8:37:20,2/28/2018 8:15,Home,2, clear-day,
209,"11900 Hobby Horse Ct, Austin, TX 78758",2/27/2018,16:44:03,Apartment Building,0,5h 33min 20sec,2/27/2018,22:17:23,2/27/2018 16:44,Radius at the Domain,1, clear-day,
210,"The Bungalows, 2703 Swisher St, Austin, TX 78705",2/27/2018,15:31:13,Apartment Building,0,0h 34min 48sec,2/27/2018,16:06:01,2/27/2018 15:31,Home,1, clear-day,
211,"301 E Dean Keeton St, Austin, TX 78712",2/27/2018,13:54:36,School,0,1h 32min 23sec,2/27/2018,15:27:00,2/27/2018 13:54,ECJ,1, clear-day,
212,"The Bungalows, 2703 Swisher St, Austin, TX 78705",2/27/2018,9:00:57,Apartment Building,0,4h 49min 26sec,2/27/2018,13:50:23,2/27/2018 9:00,Home,1, fog,
213,"Austin, TX 78712",2/27/2018,7:23:02,Public University,0,1h 22min 38sec,2/27/2018,8:45:40,2/27/2018 7:23,The University of Texas at Austin,1, fog,
214,"The Bungalows, 2703 Swisher St, Austin, TX 78705",2/26/2018,17:11:25,Apartment Building,0,13h 58min 4sec,2/27/2018,7:09:30,2/26/2018 17:11,Home,0, clear-day,
215,"1190 Chicon St, Austin, TX 78702",2/26/2018,15:04:30,Community Center,0,2h 1min 5sec,2/26/2018,17:05:36,2/26/2018 15:04,Mission Possible Austin,0, clear-day,
216,"The Bungalows, 2703 Swisher St, Austin, TX 78705",2/26/2018,13:49:19,Apartment Building,0,1h 10min 44sec,2/26/2018,15:00:04,2/26/2018 13:49,Home,0, clear-day,
217,"Austin, TX 78712",2/26/2018,8:44:46,Public University,0,5h 1min 22sec,2/26/2018,13:46:09,2/26/2018 8:44,The University of Texas at Austin,0, clear-day,
218,"The Bungalows, 2703 Swisher St, Austin, TX 78705",2/26/2018,0:11:01,Apartment Building,0,8h 25min 46sec,2/26/2018,8:36:47,2/26/2018 0:11,Home,0, fog,
219,"11900 Hobby Horse Ct, Austin, TX 78758",2/25/2018,21:58:30,Apartment Building,0,1h 59min 39sec,2/25/2018,23:58:09,2/25/2018 21:58,Radius at the Domain,6, clear-night,
220,"12407 N Mopac Expy, Austin, TX 78758",2/25/2018,21:22:55,Grocery Store,0,0h 28min 52sec,2/25/2018,21:51:47,2/25/2018 21:22,H-E-B Grocery,6, clear-night,
221,"11900 Hobby Horse Ct, Austin, TX 78758",2/25/2018,17:50:42,Apartment Building,0,3h 28min 58sec,2/25/2018,21:19:41,2/25/2018 17:50,Radius at the Domain,6, clear-day,
222,"10401 Research Blvd, Austin, TX 78759",2/25/2018,16:25:00,Warehouse store,0,1h 11min 10sec,2/25/2018,17:36:10,2/25/2018 16:25,Costco Wholesale,6, clear-day,
223,"The Bungalows, 2703 Swisher St, Austin, TX 78705",2/25/2018,15:21:28,Apartment Building,0,0h 52min 8sec,2/25/2018,16:13:37,2/25/2018 15:21,Home,6, clear-day,
224,"2823 E Mlk St, Austin, TX 78702",2/25/2018,10:51:57,Apartment Rental Agency,0,4h 20min 57sec,2/25/2018,15:12:55,2/25/2018 10:51,Platform Apartments,6, rain,
225,"1715 Cesar Chavez St, Austin, TX 78703",2/25/2018,9:17:38,High School,0,1h 14min 15sec,2/25/2018,10:31:53,2/25/2018 9:17,Austin High School,6, rain,
226,"The Bungalows, 2703 Swisher St, Austin, TX 78705",2/25/2018,0:46:14,Apartment Building,0,8h 5min 51sec,2/25/2018,8:52:05,2/25/2018 0:46,Home,6, clear-night,
227,"11900 Hobby Horse Ct, Austin, TX 78758",2/24/2018,18:36:43,Apartment Building,0,5h 53min 49sec,2/25/2018,0:30:33,2/24/2018 18:36,Radius at the Domain,5, clear-night,
228,"11501 Rock Rose Ave #118, Austin, TX 78758",2/24/2018,14:37:10,Coffee Shop,0,3h 33min 59sec,2/24/2018,18:11:09,2/24/2018 14:37,Apanas,5, partly-cloudy-day,
229,"11900 Hobby Horse Ct, Austin, TX 78758",2/24/2018,12:32:57,Apartment Building,0,2h 1min 10sec,2/24/2018,14:34:08,2/24/2018 12:32,Radius at the Domain,5, partly-cloudy-day,
230,"11005 Burnet Rd, Austin, TX 78758",2/24/2018,9:44:47,Shopping Mall,0,2h 41min 54sec,2/24/2018,12:26:41,2/24/2018 9:44,Edge Eleven,5, clear-day,
231,"The Bungalows, 2703 Swisher St, Austin, TX 78705",2/24/2018,0:37:17,Apartment Building,0,8h 56min 2sec,2/24/2018,9:33:20,2/24/2018 0:37,Home,5, cloudy,
232,"11900 Hobby Horse Ct, Austin, TX 78758",2/23/2018,22:09:47,Apartment Building,0,2h 13min 40sec,2/24/2018,0:23:28,2/23/2018 22:09,Radius at the Domain,4, clear-night,
233,"2700 W Anderson Ln, Austin, TX 78757",2/23/2018,19:22:52,Shopping Mall,0,2h 39min 51sec,2/23/2018,22:02:44,2/23/2018 19:22,Village Shopping Center,4, clear-night,
234,"2531 W Anderson Ln, Austin, TX 78757",2/23/2018,18:46:20,Clothing Store,0,0h 26min 25sec,2/23/2018,19:12:45,2/23/2018 18:46,Ross Dress for Less,4, partly-cloudy-night,
235,"4200 N Lamar Blvd, Austin, TX 78756",2/23/2018,16:54:12,Japanese,0,1h 40min 11sec,2/23/2018,18:34:23,2/23/2018 16:54,Uchiko,4, clear-day,
236,"11900 Hobby Horse Ct, Austin, TX 78758",2/23/2018,15:31:11,Apartment Building,0,1h 6min 26sec,2/23/2018,16:37:37,2/23/2018 15:31,Radius at the Domain,4, partly-cloudy-day,
237,"The Bungalows, 2703 Swisher St, Austin, TX 78705",2/23/2018,14:12:10,Apartment Building,0,1h 4min 23sec,2/23/2018,15:16:34,2/23/2018 14:12,Home,4, partly-cloudy-day,
238,"2230-32, Guadalupe St, Austin, TX 78705",2/23/2018,12:41:16,Mexican,0,1h 12min 1sec,2/23/2018,13:53:18,2/23/2018 12:41,Chipotle Mexican Grill,4, clear-day,
239,"Austin, TX 78712",2/23/2018,8:59:35,Public University,0,3h 37min 32sec,2/23/2018,12:37:07,2/23/2018 8:59,The University of Texas at Austin,4, partly-cloudy-day,
240,"The Bungalows, 2703 Swisher St, Austin, TX 78705",2/22/2018,21:35:33,Apartment Building,0,11h 9min 57sec,2/23/2018,8:45:31,2/22/2018 21:35,Home,3, rain,
241,"301 E Dean Keeton St, Austin, TX 78712",2/22/2018,18:20:28,School,0,2h 50min 32sec,2/22/2018,21:11:00,2/22/2018 18:20,ECJ,3, cloudy,
242,"Austin, TX 78712",2/22/2018,15:34:17,Public University,0,2h 33min 56sec,2/22/2018,18:08:13,2/22/2018 15:34,The University of Texas at Austin,3, clear-day,
243,"301 E Dean Keeton St, Austin, TX 78712",2/22/2018,14:06:04,School,0,1h 20min 1sec,2/22/2018,15:26:05,2/22/2018 14:06,ECJ,3, rain,
244,"The Bungalows, 2703 Swisher St, Austin, TX 78705",2/22/2018,12:56:18,Apartment Building,0,0h 58min 14sec,2/22/2018,13:54:33,2/22/2018 12:56,Home,3, rain,
245,"7849 Shoal Creek Blvd, Austin, TX 78757",2/22/2018,12:34:36,Restaurant,0,0h 9min 52sec,2/22/2018,12:44:28,2/22/2018 12:34,Cabo Bob's,3, cloudy,
246,"2900 W Anderson Ln, Austin, TX 78757",2/22/2018,12:11:10,Jewelry Store,0,0h 23min 26sec,2/22/2018,12:34:36,2/22/2018 12:11,Benold's Jewelers,3, cloudy,
247,"The Bungalows, 2703 Swisher St, Austin, TX 78705",2/22/2018,11:49:59,Apartment Building,0,0h 8min 5sec,2/22/2018,11:58:04,2/22/2018 11:49,Home,3, cloudy,
248,"Austin, TX 78712",2/22/2018,9:03:49,Public University,0,2h 35min 33sec,2/22/2018,11:39:23,2/22/2018 9:03,The University of Texas at Austin,3, clear-day,
249,"The Bungalows, 2703 Swisher St, Austin, TX 78705",2/22/2018,1:14:20,Apartment Building,0,7h 37min 16sec,2/22/2018,8:51:37,2/22/2018 1:14,Home,3, clear-night,
250,"11900 Hobby Horse Ct, Austin, TX 78758",2/21/2018,23:17:02,Apartment Building,0,1h 44min 25sec,2/22/2018,1:01:28,2/21/2018 23:17,Radius at the Domain,2, cloudy,
251,"Austin, TX 78712",2/21/2018,21:30:58,Public University,0,1h 24min 29sec,2/21/2018,22:55:27,2/21/2018 21:30,The University of Texas at Austin,2, clear-night,
252,"The Bungalows, 2703 Swisher St, Austin, TX 78705",2/21/2018,21:05:49,Apartment Building,0,0h 16min 4sec,2/21/2018,21:21:54,2/21/2018 21:05,Home,2, clear-night,
253,"550 Bowie St, Austin, TX 78703",2/21/2018,20:34:29,Corporate Office,0,0h 19min 25sec,2/21/2018,20:53:54,2/21/2018 20:34,Whole Foods Market Global Support Offices,2, clear-night,
254,"The Bungalows, 2703 Swisher St, Austin, TX 78705",2/21/2018,13:41:06,Apartment Building,0,6h 43min 59sec,2/21/2018,20:25:05,2/21/2018 13:41,Home,2, rain,
255,"Austin, TX 78712",2/21/2018,8:59:09,Public University,0,4h 31min 3sec,2/21/2018,13:30:13,2/21/2018 8:59,The University of Texas at Austin,2, clear-day,
256,"The Bungalows, 2703 Swisher St, Austin, TX 78705",2/20/2018,18:04:26,Apartment Building,0,14h 33min 33sec,2/21/2018,8:37:59,2/20/2018 18:04,Home,1, partly-cloudy-day,
257,"503 W Martin Luther King Jr Blvd, Austin, TX 78701",2/20/2018,17:43:39,Fast Food,0,0h 11min 5sec,2/20/2018,17:54:44,2/20/2018 17:43,Chick-fil-A,1, partly-cloudy-day,
258,"301 E Dean Keeton St, Austin, TX 78712",2/20/2018,13:54:31,School,0,3h 40min 3sec,2/20/2018,17:34:34,2/20/2018 13:54,ECJ,1, rain,
259,"The Bungalows, 2703 Swisher St, Austin, TX 78705",2/20/2018,8:44:40,Apartment Building,0,5h 3min 48sec,2/20/2018,13:48:29,2/20/2018 8:44,Home,1, partly-cloudy-day,
260,"2201 Speedway, Austin, TX 78712",2/20/2018,7:39:12,University Department,0,0h 56min 24sec,2/20/2018,8:35:36,2/20/2018 7:39,Student Activity Center,1, partly-cloudy-day,
261,"The Bungalows, 2703 Swisher St, Austin, TX 78705",2/19/2018,20:16:33,Apartment Building,0,11h 5min 24sec,2/20/2018,7:21:57,2/19/2018 20:16,Home,0, partly-cloudy-night,
262,"Austin, TX 78705",2/19/2018,18:40:18,,0,1h 32min 28sec,2/19/2018,20:12:46,2/19/2018 18:40,3500 Duval St,0, partly-cloudy-night,
263,"301 E Dean Keeton St, Austin, TX 78712",2/19/2018,18:22:53,School,0,0h 6min 22sec,2/19/2018,18:29:15,2/19/2018 18:22,ECJ,0, partly-cloudy-night,
264,"Austin, TX 78712",2/19/2018,13:07:59,Public University,0,5h 11min 38sec,2/19/2018,18:19:37,2/19/2018 13:07,The University of Texas at Austin,0, wind,
265,"The Bungalows, 2703 Swisher St, Austin, TX 78705",2/19/2018,11:10:35,Apartment Building,0,1h 52min 37sec,2/19/2018,13:03:13,2/19/2018 11:10,Home,0, wind,
266,"Austin, TX 78712",2/19/2018,7:44:26,Public University,0,3h 23min 26sec,2/19/2018,11:07:52,2/19/2018 7:44,The University of Texas at Austin,0, clear-day,
267,"The Bungalows, 2703 Swisher St, Austin, TX 78705",2/18/2018,21:28:11,Apartment Building,0,9h 59min 56sec,2/19/2018,7:28:08,2/18/2018 21:28,Home,6, clear-night,
268,"Austin, TX 78705",2/18/2018,20:11:44,,0,0h 57min 56sec,2/18/2018,21:09:40,2/18/2018 20:11,The Drag,6, clear-night,
269,"11900 Hobby Horse Ct, Austin, TX 78758",2/18/2018,16:34:14,Apartment Building,0,3h 3min 19sec,2/18/2018,19:37:34,2/18/2018 16:34,Radius at the Domain,6, partly-cloudy-day,
270,"10515 N Mopac Expy, Austin, TX 78759",2/18/2018,15:41:06,Shopping Mall,0,0h 42min 2sec,2/18/2018,16:23:08,2/18/2018 15:41,The Shops at Arbor Walk,6, partly-cloudy-day,
271,"10107 Research Blvd, Austin, TX 78759",2/18/2018,14:49:26,Department Store,0,0h 25min 54sec,2/18/2018,15:15:20,2/18/2018 14:49,Target,6, partly-cloudy-day,
272,"11900 Hobby Horse Ct, Austin, TX 78758",2/18/2018,14:10:52,Apartment Building,0,0h 29min 31sec,2/18/2018,14:40:24,2/18/2018 14:10,Radius at the Domain,6, partly-cloudy-day,
273,"10401 Research Blvd A, Austin, TX 78759",2/18/2018,12:58:25,Optometrist,0,0h 58min 27sec,2/18/2018,13:56:52,2/18/2018 12:58,Great Hills Eye Care,6, cloudy,
274,"609 W 6th St, Austin, TX 78701",2/18/2018,11:04:03,Caterer,0,1h 38min 15sec,2/18/2018,12:42:19,2/18/2018 11:04,Walton's Fancy & Staple,6, cloudy,
275,"1715 Cesar Chavez St, Austin, TX 78703",2/18/2018,9:28:47,High School,0,1h 12min 37sec,2/18/2018,10:41:25,2/18/2018 9:28,Austin High School,6, fog,
276,"The Bungalows, 2703 Swisher St, Austin, TX 78705",2/17/2018,13:42:02,Apartment Building,0,19h 27min 53sec,2/18/2018,9:09:56,2/17/2018 13:42,Home,5, clear-day,
277,"1000 E 41st St, Austin, TX 78751",2/17/2018,13:25:15,Shopping Mall,0,0h 11min 25sec,2/17/2018,13:36:40,2/17/2018 13:25,Hancock Center,5, clear-day,
278,"11900 Hobby Horse Ct, Austin, TX 78758",2/17/2018,12:58:07,Apartment Building,0,0h 6min 9sec,2/17/2018,13:04:17,2/17/2018 12:58,Radius at the Domain,5, partly-cloudy-day,
279,"10901 N Lamar Blvd, Austin, TX 78753",2/17/2018,11:36:14,Shopping Mall,0,1h 10min 47sec,2/17/2018,12:47:01,2/17/2018 11:36,Chinatown Center,5, partly-cloudy-day,
280,"11900 Hobby Horse Ct, Austin, TX 78758",2/17/2018,11:13:09,Apartment Building,0,0h 15min 19sec,2/17/2018,11:28:29,2/17/2018 11:13,Radius at the Domain,5, partly-cloudy-day,
281,"2300 E Cesar Chavez St, Austin, TX 78702",2/17/2018,9:53:23,Mexican,0,0h 58min 30sec,2/17/2018,10:51:54,2/17/2018 9:53,Juan in a Million,5, partly-cloudy-day,
282,"The Bungalows, 2703 Swisher St, Austin, TX 78705",2/17/2018,1:42:33,Apartment Building,0,7h 59min 22sec,2/17/2018,9:41:56,2/17/2018 1:42,Home,5, clear-night,
283,"2823 E Mlk St, Austin, TX 78702",2/16/2018,22:21:48,Apartment Rental Agency,0,3h 13min 40sec,2/17/2018,1:35:28,2/16/2018 22:21,Platform Apartments,4, clear-night,
284,"The Bungalows, 2703 Swisher St, Austin, TX 78705",2/16/2018,13:14:24,Apartment Building,0,9h 2min 9sec,2/16/2018,22:16:33,2/16/2018 13:14,Home,4, clear-day,
285,"Austin, TX 78712",2/16/2018,10:35:09,Public University,0,2h 27min 29sec,2/16/2018,13:02:39,2/16/2018 10:35,The University of Texas at Austin,4, clear-day,
286,"The Bungalows, 2703 Swisher St, Austin, TX 78705",2/15/2018,23:24:04,Apartment Building,0,10h 57min 25sec,2/16/2018,10:21:29,2/15/2018 23:24,Home,3, partly-cloudy-night,
287,"2312 San Gabriel St, Austin, TX 78705",2/15/2018,21:41:21,Event Venue,0,1h 31min 52sec,2/15/2018,23:13:13,2/15/2018 21:41,Texas Federation of Women's Clubs,3, clear-night,
288,"The Bungalows, 2703 Swisher St, Austin, TX 78705",2/15/2018,21:18:01,Apartment Building,0,0h 14min 16sec,2/15/2018,21:32:17,2/15/2018 21:18,Home,3, clear-night,
289,"301 E Dean Keeton St, Austin, TX 78712",2/15/2018,18:31:46,School,0,2h 38min 46sec,2/15/2018,21:10:33,2/15/2018 18:31,ECJ,3, clear-night,
290,"2405 Nueces St, Austin, TX 78705",2/15/2018,16:48:24,Deli,0,1h 26min 11sec,2/15/2018,18:14:35,2/15/2018 16:48,Fricano's Deli & Catering,3, clear-day,
291,"The Bungalows, 2703 Swisher St, Austin, TX 78705",2/15/2018,15:19:03,Apartment Building,0,1h 12min 4sec,2/15/2018,16:31:08,2/15/2018 15:19,Home,3, clear-day,
292,"301 E Dean Keeton St, Austin, TX 78712",2/15/2018,14:03:01,School,0,1h 8min 53sec,2/15/2018,15:11:55,2/15/2018 14:03,ECJ,3, clear-day,
293,"Austin, TX 78712",2/15/2018,9:02:04,Public University,0,4h 58min 14sec,2/15/2018,14:00:18,2/15/2018 9:02,The University of Texas at Austin,3, clear-day,
294,"The Bungalows, 2703 Swisher St, Austin, TX 78705",2/15/2018,0:35:24,Apartment Building,0,8h 17min 46sec,2/15/2018,8:53:10,2/15/2018 0:35,Home,3, cloudy,
295,"11900 Hobby Horse Ct, Austin, TX 78758",2/14/2018,18:28:15,Apartment Building,0,5h 53min 19sec,2/15/2018,0:21:34,2/14/2018 18:28,Radius at the Domain,2, clear-night,
296,"1000 E 41st St, Austin, TX 78751",2/14/2018,17:43:49,Shopping Mall,0,0h 28min 42sec,2/14/2018,18:12:31,2/14/2018 17:43,Hancock Center,2, clear-day,
297,"The Bungalows, 2703 Swisher St, Austin, TX 78705",2/14/2018,13:29:36,Apartment Building,0,4h 8min 33sec,2/14/2018,17:38:10,2/14/2018 13:29,Home,2, clear-day,
298,"Austin, TX 78712",2/14/2018,8:59:09,Public University,0,4h 28min 4sec,2/14/2018,13:27:13,2/14/2018 8:59,The University of Texas at Austin,2, fog,
299,"The Bungalows, 2703 Swisher St, Austin, TX 78705",2/13/2018,17:38:01,Apartment Building,0,15h 7min 31sec,2/14/2018,8:45:33,2/13/2018 17:38,Home,1, cloudy,
300,"Austin, TX 78712",2/13/2018,15:11:56,Public University,0,2h 21min 29sec,2/13/2018,17:33:25,2/13/2018 15:11,The University of Texas at Austin,1, clear-day,
301,"301 E Dean Keeton St, Austin, TX 78712",2/13/2018,13:41:20,School,0,1h 28min 46sec,2/13/2018,15:10:07,2/13/2018 13:41,ECJ,1, clear-day,
302,"2807 San Jacinto Blvd, Austin, TX 78712",2/13/2018,12:35:18,Taco Restaurant,0,0h 47min 43sec,2/13/2018,13:23:01,2/13/2018 12:35,Taco Joint,1, cloudy,
303,"The Bungalows, 2703 Swisher St, Austin, TX 78705",2/13/2018,10:36:11,Apartment Building,0,1h 49min 28sec,2/13/2018,12:25:40,2/13/2018 10:36,Home,1, clear-day,
304,"Austin, TX 78712",2/13/2018,8:39:15,Public University,0,1h 38min 35sec,2/13/2018,10:17:50,2/13/2018 8:39,The University of Texas at Austin,1, clear-day,
305,"2201 Speedway, Austin, TX 78712",2/13/2018,7:30:42,University Department,0,1h 8min 32sec,2/13/2018,8:39:14,2/13/2018 7:30,Student Activity Center,1, clear-day,
306,"The Bungalows, 2703 Swisher St, Austin, TX 78705",2/12/2018,20:29:29,Apartment Building,0,10h 47min 59sec,2/13/2018,7:17:29,2/12/2018 20:29,Home,0, clear-night,
307,"Austin, TX 78705",2/12/2018,18:52:42,,0,1h 33min 25sec,2/12/2018,20:26:07,2/12/2018 18:52,3500 Duval St,0, partly-cloudy-night,
308,"1190 Chicon St, Austin, TX 78702",2/12/2018,15:03:33,Community Center,0,3h 46min 19sec,2/12/2018,18:49:52,2/12/2018 15:03,Mission Possible Austin,0, clear-day,
309,"The Bungalows, 2703 Swisher St, Austin, TX 78705",2/12/2018,11:05:39,Apartment Building,0,3h 52min 52sec,2/12/2018,14:58:32,2/12/2018 11:05,Home,0, clear-day,
310,"Austin, TX 78712",2/12/2018,8:50:09,Public University,0,2h 6min 57sec,2/12/2018,10:57:06,2/12/2018 8:50,The University of Texas at Austin,0, clear-day,
311,"The Bungalows, 2703 Swisher St, Austin, TX 78705",2/11/2018,21:04:07,Apartment Building,0,11h 35min 5sec,2/12/2018,8:39:13,2/11/2018 21:04,Home,6, clear-night,
312,"1728 Barton Springs Rd, Austin, TX 78704",2/11/2018,19:34:55,Tex-Mex Restaurant,0,1h 13min 24sec,2/11/2018,20:48:20,2/11/2018 19:34,Chuy's,6, clear-night,
313,"The Bungalows, 2703 Swisher St, Austin, TX 78705",2/11/2018,19:08:29,Apartment Building,0,0h 14min 14sec,2/11/2018,19:22:43,2/11/2018 19:08,Home,6, clear-night,
314,"11900 Hobby Horse Ct, Austin, TX 78758",2/11/2018,17:47:19,Apartment Building,0,1h 7min 55sec,2/11/2018,18:55:15,2/11/2018 17:47,Radius at the Domain,6, partly-cloudy-day,
315,"Plano, TX 75025",2/11/2018,13:57:12,,0,0h 20min 3sec,2/11/2018,14:17:15,2/11/2018 13:57,2217 Stanmore Ln,6, clear-day,
316,"Plano, TX 75074",2/11/2018,11:27:24,,0,2h 16min 19sec,2/11/2018,13:43:44,2/11/2018 11:27,2428 Bigleaf Ct,6, partly-cloudy-day,
317,"Plano, Texas",2/11/2018,9:30:46,,0,1h 37min 30sec,2/11/2018,11:08:17,2/11/2018 9:30,Plano,6, wind,
318,"Plano, TX 75074",2/11/2018,0:19:24,,0,9h 8min 28sec,2/11/2018,9:27:52,2/11/2018 0:19,2428 Bigleaf Ct,6, partly-cloudy-night,
319,"Plano, TX 75025",2/10/2018,21:50:39,,0,2h 14min 44sec,2/11/2018,0:05:23,2/10/2018 21:50,2217 Stanmore Ln,5, partly-cloudy-night,
320,"2540 North Watters Road #100, Allen, TX 75013",2/10/2018,18:41:50,Japanese,0,2h 58min 28sec,2/10/2018,21:40:18,2/10/2018 18:41,Shiawase,5, cloudy,
321,"727 S Central Expy, Allen, TX 75013",2/10/2018,17:03:59,Coffee Shop,0,1h 20min 11sec,2/10/2018,18:24:10,2/10/2018 17:03,Starbucks,5, cloudy,
322,"Plano, TX 75074",2/10/2018,14:31:26,,0,2h 23min 5sec,2/10/2018,16:54:31,2/10/2018 14:31,2428 Bigleaf Ct,5, cloudy,
323,"2070 W Spring Creek Pkwy #336, Plano, TX 75023",2/10/2018,13:53:11,Hair Salon,0,0h 28min 37sec,2/10/2018,14:21:49,2/10/2018 13:53,TK Hair Salon - Extensions & Haircuts Plano,5, clear-day,
324,"1520 Independence Pkwy, Plano, TX 75075",2/10/2018,12:43:29,Chinese,0,1h 2min 4sec,2/10/2018,13:45:33,2/10/2018 12:43,Sun Lok Kee BBQ,5, cloudy,
325,"Plano, TX 75074",2/10/2018,1:29:47,,0,10h 58min 29sec,2/10/2018,12:28:17,2/10/2018 1:29,2428 Bigleaf Ct,5, clear-night,
326,"Plano, TX 75025",2/9/2018,22:23:13,,0,2h 4min 37sec,2/10/2018,0:27:50,2/9/2018 22:23,2217 Stanmore Ln,4, clear-night,
327,"Plano, TX 75074",2/9/2018,20:40:21,,0,1h 30min 45sec,2/9/2018,22:11:06,2/9/2018 20:40,2428 Bigleaf Ct,4, clear-night,
328,"601 W 15th St Suite 101, Plano, TX 75075",2/9/2018,19:29:15,Asian Fusion Restaurant,0,0h 56min 22sec,2/9/2018,20:25:37,2/9/2018 19:29,Pei Wei,4, clear-night,
329,"Alliance Pkwy, Hewitt, TX 76643",2/9/2018,17:16:31,Gas Station,0,0h 14min 56sec,2/9/2018,17:31:27,2/9/2018 17:16,Murphy USA,4, clear-day,
330,"11900 Hobby Horse Ct, Austin, TX 78758",2/9/2018,15:33:24,Apartment Building,0,0h 8min 45sec,2/9/2018,15:42:09,2/9/2018 15:33,Radius at the Domain,4, clear-day,
331,"The Bungalows, 2703 Swisher St, Austin, TX 78705",2/9/2018,12:13:46,Apartment Building,0,3h 3min 22sec,2/9/2018,15:17:08,2/9/2018 12:13,Home,4, partly-cloudy-day,
332,"Austin, TX 78712",2/9/2018,10:39:32,Public University,0,1h 14min 32sec,2/9/2018,11:54:04,2/9/2018 10:39,The University of Texas at Austin,4, clear-day,
333,"2101 Speedway, Austin, TX 78712",2/9/2018,10:38:32,Recreation Center,0,0h 1min 0sec,2/9/2018,10:39:32,2/9/2018 10:38,Gregory Gymnasium,4, clear-day,
334,"2110 Speedway, Austin, TX 78705",2/9/2018,8:54:02,Business School,0,1h 44min 30sec,2/9/2018,10:38:32,2/9/2018 8:54,McCombs School of Business,4, clear-day,
335,"The Bungalows, 2703 Swisher St, Austin, TX 78705",2/8/2018,23:35:24,Apartment Building,0,9h 6min 5sec,2/9/2018,8:41:29,2/8/2018 23:35,Home,3, partly-cloudy-night,
336,"Austin, TX 78712",2/8/2018,21:27:12,Public University,0,1h 53min 46sec,2/8/2018,23:20:58,2/8/2018 21:27,The University of Texas at Austin,3, clear-night,
337,"301 E Dean Keeton St, Austin, TX 78712",2/8/2018,18:09:43,School,0,3h 12min 3sec,2/8/2018,21:21:47,2/8/2018 18:09,ECJ,3, partly-cloudy-day,
338,"2222 Guadalupe St B, Austin, TX 78705",2/8/2018,15:36:33,Cafe,0,2h 28min 55sec,2/8/2018,18:05:28,2/8/2018 15:36,Caff Medici,3, clear-day,
339,"301 E Dean Keeton St, Austin, TX 78712",2/8/2018,13:59:36,School,0,1h 24min 27sec,2/8/2018,15:24:03,2/8/2018 13:59,ECJ,3, clear-day,
340,"The Bungalows, 2703 Swisher St, Austin, TX 78705",2/8/2018,12:12:50,Apartment Building,0,1h 44min 55sec,2/8/2018,13:57:46,2/8/2018 12:12,Home,3, clear-day,
341,"Austin, TX 78712",2/8/2018,9:09:17,Public University,0,2h 39min 16sec,2/8/2018,11:48:33,2/8/2018 9:09,The University of Texas at Austin,3, clear-day,
342,"2823 E Mlk St, Austin, TX 78702",2/8/2018,8:44:38,Apartment Rental Agency,0,0h 12min 10sec,2/8/2018,8:56:48,2/8/2018 8:44,Platform Apartments,3, clear-day,
343,"The Bungalows, 2703 Swisher St, Austin, TX 78705",2/7/2018,13:17:18,Apartment Building,0,19h 24min 49sec,2/8/2018,8:42:08,2/7/2018 13:17,Home,2, clear-day,
344,"Austin, TX 78712",2/7/2018,8:50:10,Public University,0,4h 19min 47sec,2/7/2018,13:09:57,2/7/2018 8:50,The University of Texas at Austin,2, clear-day,
345,"The Bungalows, 2703 Swisher St, Austin, TX 78705",2/6/2018,23:00:24,Apartment Building,0,9h 37min 1sec,2/7/2018,8:37:25,2/6/2018 23:00,Home,1, clear-night,
346,"11900 Hobby Horse Ct, Austin, TX 78758",2/6/2018,20:15:31,Apartment Building,0,2h 29min 33sec,2/6/2018,22:45:04,2/6/2018 20:15,Radius at the Domain,1, rain,
347,"1018, 12901 N Interstate Hwy 35, Austin, TX 78753",2/6/2018,18:31:06,Grill,0,1h 34min 4sec,2/6/2018,20:05:10,2/6/2018 18:31,Chili's Grill & Bar,1, cloudy,
348,"The Bungalows, 2703 Swisher St, Austin, TX 78705",2/6/2018,13:24:42,Apartment Building,0,4h 48min 54sec,2/6/2018,18:13:36,2/6/2018 13:24,Home,1, fog,
349,"3210 Esperanza Crossing #130, Austin, TX 78758",2/6/2018,12:18:51,Ramen,0,0h 48min 10sec,2/6/2018,13:07:01,2/6/2018 12:18,JINYA Ramen Bar,1, cloudy,
350,"The Bungalows, 2703 Swisher St, Austin, TX 78705",2/6/2018,9:27:38,Apartment Building,0,2h 35min 1sec,2/6/2018,12:02:40,2/6/2018 9:27,Home,1, rain,
351,"2201 Speedway, Austin, TX 78712",2/6/2018,7:35:32,University Department,0,1h 33min 6sec,2/6/2018,9:08:38,2/6/2018 7:35,Student Activity Center,1, fog,
352,"The Bungalows, 2703 Swisher St, Austin, TX 78705",2/6/2018,0:22:15,Apartment Building,0,7h 4min 55sec,2/6/2018,7:27:11,2/6/2018 0:22,Home,1, cloudy,
353,"Austin, TX 78712",2/5/2018,22:37:49,Public University,0,1h 21min 40sec,2/5/2018,23:59:30,2/5/2018 22:37,The University of Texas at Austin,0, clear-night,
354,"The Bungalows, 2703 Swisher St, Austin, TX 78705",2/5/2018,17:21:32,Apartment Building,0,5h 6min 12sec,2/5/2018,22:27:44,2/5/2018 17:21,Home,0, clear-day,
355,"1190 Chicon St, Austin, TX 78702",2/5/2018,15:05:06,Community Center,0,2h 8min 42sec,2/5/2018,17:13:48,2/5/2018 15:05,Mission Possible Austin,0, clear-day,
356,"The Bungalows, 2703 Swisher St, Austin, TX 78705",2/5/2018,11:09:51,Apartment Building,0,3h 49min 2sec,2/5/2018,14:58:53,2/5/2018 11:09,Home,0, cloudy,
357,"301 E Dean Keeton St, Austin, TX 78712",2/5/2018,10:11:37,School,0,0h 52min 31sec,2/5/2018,11:04:08,2/5/2018 10:11,ECJ,0, clear-day,
358,"Austin, TX 78712",2/5/2018,8:55:50,Public University,0,1h 4min 53sec,2/5/2018,10:00:43,2/5/2018 8:55,The University of Texas at Austin,0, clear-day,
359,"The Bungalows, 2703 Swisher St, Austin, TX 78705",2/4/2018,13:29:42,Apartment Building,0,19h 13min 23sec,2/5/2018,8:43:06,2/4/2018 13:29,Home,6, clear-day,
360,"3800 N Lamar Blvd #120, Austin, TX 78756",2/4/2018,10:52:57,Breakfast Restaurant,0,2h 31min 38sec,2/4/2018,13:24:35,2/4/2018 10:52,Snooze an A.M. Eatery,6, clear-day,
361,"1715 Cesar Chavez St, Austin, TX 78703",2/4/2018,9:24:56,High School,0,1h 10min 25sec,2/4/2018,10:35:21,2/4/2018 9:24,Austin High School,6, clear-day,
362,"The Bungalows, 2703 Swisher St, Austin, TX 78705",2/3/2018,21:19:13,Apartment Building,0,11h 52min 20sec,2/4/2018,9:11:34,2/3/2018 21:19,Home,5, clear-night,
363,"12407 N Mopac Expy, Austin, TX 78758",2/3/2018,19:47:57,Grocery Store,0,1h 7min 59sec,2/3/2018,20:55:56,2/3/2018 19:47,H-E-B Grocery,5, clear-night,
364,"11900 Hobby Horse Ct, Austin, TX 78758",2/3/2018,17:31:45,Apartment Building,0,1h 59min 24sec,2/3/2018,19:31:10,2/3/2018 17:31,Radius at the Domain,5, partly-cloudy-day,
365,"11005 Burnet Rd, Austin, TX 78758",2/3/2018,13:32:49,Shopping Mall,0,3h 52min 23sec,2/3/2018,17:25:12,2/3/2018 13:32,Edge Eleven,5, partly-cloudy-day,
366,"11220 N Lamar Blvd B-200, Austin, TX 78753",2/3/2018,12:31:52,Vietnamese,0,0h 55min 54sec,2/3/2018,13:27:46,2/3/2018 12:31,Pho Dan,5, partly-cloudy-day,
367,"11900 Hobby Horse Ct, Austin, TX 78758",2/2/2018,20:36:44,Apartment Building,0,15h 48min 27sec,2/3/2018,12:25:12,2/2/2018 20:36,Radius at the Domain,4, clear-night,
368,"2700 W Anderson Ln, Austin, TX 78757",2/2/2018,19:18:22,Restaurant,0,1h 11min 0sec,2/2/2018,20:29:22,2/2/2018 19:18,Madam Mam's,4, clear-night,
369,"11900 Hobby Horse Ct, Austin, TX 78758",2/2/2018,18:57:49,Apartment Building,0,0h 7min 25sec,2/2/2018,19:05:15,2/2/2018 18:57,Radius at the Domain,4, clear-night,
370,"2608 W Braker Ln, Austin, TX 78758",2/2/2018,15:33:11,Fast Food,0,3h 15min 47sec,2/2/2018,18:48:58,2/2/2018 15:33,McDonald's,4, clear-day,
371,"2900 W Anderson Ln, Austin, TX 78757",2/2/2018,14:12:06,Jewelry Store,0,1h 6min 43sec,2/2/2018,15:18:49,2/2/2018 14:12,Benold's Jewelers,4, clear-day,
372,"The Bungalows, 2703 Swisher St, Austin, TX 78705",2/2/2018,12:18:57,Apartment Building,0,1h 29min 2sec,2/2/2018,13:48:00,2/2/2018 12:18,Home,4, partly-cloudy-day,
373,"Austin, TX 78712",2/2/2018,8:48:43,Public University,0,3h 21min 45sec,2/2/2018,12:10:29,2/2/2018 8:48,The University of Texas at Austin,4, clear-day,
374,"The Bungalows, 2703 Swisher St, Austin, TX 78705",2/1/2018,23:24:09,Apartment Building,0,9h 15min 51sec,2/2/2018,8:40:01,2/1/2018 23:24,Home,3, clear-night,
375,"2312 San Gabriel St, Austin, TX 78705",2/1/2018,21:13:31,Event Venue,0,1h 56min 13sec,2/1/2018,23:09:44,2/1/2018 21:13,Texas Federation of Women's Clubs,3, clear-night,
376,"301 E Dean Keeton St, Austin, TX 78712",2/1/2018,18:23:19,School,0,2h 33min 40sec,2/1/2018,20:56:59,2/1/2018 18:23,ECJ,3, clear-night,
377,"4001 N Lamar Blvd, Austin, TX 78756",2/1/2018,16:16:35,Gourmet Grocery Store,0,1h 43min 26sec,2/1/2018,18:00:01,2/1/2018 16:16,Central Market,3, clear-day,
378,"2823 E Mlk St, Austin, TX 78702",2/1/2018,14:01:32,Apartment Rental Agency,0,1h 55min 14sec,2/1/2018,15:56:47,2/1/2018 14:01,Platform Apartments,3, clear-day,
379,"1201 Barbara Jordan Blvd, Austin, TX 78723",2/1/2018,13:41:26,Electronics Store,0,0h 9min 52sec,2/1/2018,13:51:18,2/1/2018 13:41,Best Buy,3, clear-day,
380,"2404 Guadalupe St, Austin, TX 78705",2/1/2018,11:58:28,Bagel Shop,0,1h 36min 10sec,2/1/2018,13:34:38,2/1/2018 11:58,Einstein Bros. Bagels,3, clear-day,
381,"Austin, TX 78712",2/1/2018,8:52:47,Public University,0,3h 1min 26sec,2/1/2018,11:54:13,2/1/2018 8:52,The University of Texas at Austin,3, clear-day,
382,"2823 E Mlk St, Austin, TX 78702",2/1/2018,8:42:10,Apartment Rental Agency,0,0h 2min 7sec,2/1/2018,8:44:17,2/1/2018 8:42,Platform Apartments,3, clear-day,
383,"The Bungalows, 2703 Swisher St, Austin, TX 78705",1/31/2018,23:17:25,Apartment Building,0,9h 19min 41sec,2/1/2018,8:37:07,1/31/2018 23:17,Home,2, clear-night,
384,"Austin, TX 78712",1/31/2018,21:26:51,Public University,0,1h 33min 58sec,1/31/2018,23:00:49,1/31/2018 21:26,The University of Texas at Austin,2, clear-night,
385,"The Bungalows, 2703 Swisher St, Austin, TX 78705",1/31/2018,15:14:55,Apartment Building,0,5h 54min 59sec,1/31/2018,21:09:55,1/31/2018 15:14,Home,2, clear-day,
386,"Austin, TX 78712",1/31/2018,12:56:42,Public University,0,2h 13min 13sec,1/31/2018,15:09:55,1/31/2018 12:56,The University of Texas at Austin,2, wind,
387,"The Bungalows, 2703 Swisher St, Austin, TX 78705",1/31/2018,10:18:39,Apartment Building,0,2h 33min 49sec,1/31/2018,12:52:29,1/31/2018 10:18,Home,2, clear-day,
388,"Austin, TX 78712",1/31/2018,8:47:31,Public University,0,1h 26min 1sec,1/31/2018,10:13:32,1/31/2018 8:47,The University of Texas at Austin,2, clear-day,
389,"The Bungalows, 2703 Swisher St, Austin, TX 78705",1/30/2018,23:49:23,Apartment Building,0,8h 49min 14sec,1/31/2018,8:38:38,1/30/2018 23:49,Home,1, clear-night,
390,"11900 Hobby Horse Ct, Austin, TX 78758",1/30/2018,20:01:09,Apartment Building,0,3h 34min 18sec,1/30/2018,23:35:28,1/30/2018 20:01,Radius at the Domain,1, clear-night,
391,"9041 Research Blvd #100, Austin, TX 78758",1/30/2018,18:14:30,Mexican,0,1h 38min 38sec,1/30/2018,19:53:08,1/30/2018 18:14,Casa Chapala,1, clear-night,
392,"11900 Hobby Horse Ct, Austin, TX 78758",1/30/2018,17:47:10,Apartment Building,0,0h 6min 47sec,1/30/2018,17:53:58,1/30/2018 17:47,Radius at the Domain,1, clear-day,
393,"2608 W Braker Ln, Austin, TX 78758",1/30/2018,16:07:07,Fast Food,0,1h 28min 6sec,1/30/2018,17:35:13,1/30/2018 16:07,McDonald's,1, clear-day,
394,"The Bungalows, 2703 Swisher St, Austin, TX 78705",1/30/2018,15:30:01,Apartment Building,0,0h 20min 15sec,1/30/2018,15:50:16,1/30/2018 15:30,Home,1, clear-day,
395,"301 E Dean Keeton St, Austin, TX 78712",1/30/2018,13:56:03,School,0,1h 27min 12sec,1/30/2018,15:23:15,1/30/2018 13:56,ECJ,1, clear-day,
396,"The Bungalows, 2703 Swisher St, Austin, TX 78705",1/30/2018,12:12:40,Apartment Building,0,1h 41min 11sec,1/30/2018,13:53:52,1/30/2018 12:12,Home,1, clear-day,
397,"Austin, TX 78712",1/30/2018,9:58:32,Public University,0,2h 11min 34sec,1/30/2018,12:10:06,1/30/2018 9:58,The University of Texas at Austin,1, clear-day,
398,"The Bungalows, 2703 Swisher St, Austin, TX 78705",1/29/2018,22:42:48,Apartment Building,0,11h 15min 42sec,1/30/2018,9:58:31,1/29/2018 22:42,Home,0, clear-night,
399,"301 E Dean Keeton St, Austin, TX 78712",1/29/2018,20:42:49,School,0,1h 47min 47sec,1/29/2018,22:30:36,1/29/2018 20:42,ECJ,0, clear-night,
400,"The Bungalows, 2703 Swisher St, Austin, TX 78705",1/29/2018,17:07:22,Apartment Building,0,3h 22min 24sec,1/29/2018,20:29:47,1/29/2018 17:07,Home,0, clear-day,
401,"1190 Chicon St, Austin, TX 78702",1/29/2018,14:49:48,Community Center,0,2h 10min 25sec,1/29/2018,17:00:13,1/29/2018 14:49,Mission Possible Austin,0, clear-day,
402,"The Bungalows, 2703 Swisher St, Austin, TX 78705",1/29/2018,11:05:23,Apartment Building,0,3h 40min 24sec,1/29/2018,14:45:48,1/29/2018 11:05,Home,0, clear-day,
403,"Austin, TX 78712",1/29/2018,8:57:45,Public University,0,2h 3min 29sec,1/29/2018,11:01:15,1/29/2018 8:57,The University of Texas at Austin,0, clear-day,
404,"The Bungalows, 2703 Swisher St, Austin, TX 78705",1/29/2018,0:15:12,Apartment Building,0,8h 26min 7sec,1/29/2018,8:41:19,1/29/2018 0:15,Home,0, clear-night,
405,"2101 Speedway, Austin, TX 78712",1/28/2018,22:25:16,Recreation Center,0,1h 30min 34sec,1/28/2018,23:55:50,1/28/2018 22:25,Gregory Gymnasium,6, clear-night,
406,"The Bungalows, 2703 Swisher St, Austin, TX 78705",1/28/2018,18:14:11,Apartment Building,0,4h 3min 30sec,1/28/2018,22:17:41,1/28/2018 18:14,Home,6, clear-night,
407,"3825 Lake Austin Blvd, Austin, TX 78703",1/28/2018,14:49:37,Coffee Shop,0,2h 55min 5sec,1/28/2018,17:44:42,1/28/2018 14:49,Mozart's Coffee Roasters,6, clear-day,
408,"The Bungalows, 2703 Swisher St, Austin, TX 78705",1/28/2018,12:51:27,Apartment Building,0,1h 21min 30sec,1/28/2018,14:12:58,1/28/2018 12:51,Home,6, clear-day,
409,"2405 Nueces St, Austin, TX 78705",1/28/2018,11:58:08,Deli,0,0h 35min 14sec,1/28/2018,12:33:22,1/28/2018 11:58,Fricano's Deli & Catering,6, clear-day,
410,"1715 Cesar Chavez St, Austin, TX 78703",1/28/2018,7:34:37,High School,0,4h 12min 14sec,1/28/2018,11:46:51,1/28/2018 7:34,Austin High School,6, clear-day,
411,"The Bungalows, 2703 Swisher St, Austin, TX 78705",1/27/2018,23:35:02,Apartment Building,0,7h 44min 30sec,1/28/2018,7:19:33,1/27/2018 23:35,Home,5, partly-cloudy-night,
412,"11900 Hobby Horse Ct, Austin, TX 78758",1/27/2018,15:14:24,Apartment Building,0,8h 3min 16sec,1/27/2018,23:17:40,1/27/2018 15:14,Radius at the Domain,5, partly-cloudy-day,
413,"500 Canyon Ridge Drive, Austin, TX 78753",1/27/2018,14:25:32,Shopping Mall,0,0h 35min 53sec,1/27/2018,15:01:25,1/27/2018 14:25,Tech Ridge Center,5, partly-cloudy-day,
414,"12901 N I-35 Service Rd. NB Bldg. 15, Suite 1540, Austin, TX 78753",1/27/2018,13:36:38,Asian Fusion Restaurant,0,0h 45min 45sec,1/27/2018,14:22:23,1/27/2018 13:36,Pei Wei,5, clear-day,
415,"3825 Lake Austin Blvd, Austin, TX 78703",1/27/2018,9:36:51,Coffee Shop,0,3h 28min 47sec,1/27/2018,13:05:38,1/27/2018 9:36,Mozart's Coffee Roasters,5, clear-day,
416,"The Bungalows, 2703 Swisher St, Austin, TX 78705",1/26/2018,23:02:50,Apartment Building,0,10h 23min 30sec,1/27/2018,9:26:21,1/26/2018 23:02,Home,4, cloudy,
417,"11900 Hobby Horse Ct, Austin, TX 78758",1/26/2018,21:19:30,Apartment Building,0,1h 27min 38sec,1/26/2018,22:47:08,1/26/2018 21:19,Radius at the Domain,4, clear-night,
418,"11200 Lakeline Mall Dr, Cedar Park, TX 78613",1/26/2018,18:19:02,Shopping Mall,0,2h 40min 52sec,1/26/2018,20:59:55,1/26/2018 18:19,Lakeline Mall,4, cloudy,
419,"12501 N Mopac Expy, Austin, TX 78727",1/26/2018,17:44:32,Fast Food,0,0h 16min 25sec,1/26/2018,18:00:57,1/26/2018 17:44,Chick-fil-A,4, cloudy,
420,"11900 Hobby Horse Ct, Austin, TX 78758",1/26/2018,15:14:10,Apartment Building,0,2h 26min 47sec,1/26/2018,17:40:58,1/26/2018 15:14,Radius at the Domain,4, clear-day,
421,"2900 W Anderson Ln, Austin, TX 78757",1/26/2018,14:08:42,Jewelry Store,0,0h 52min 49sec,1/26/2018,15:01:32,1/26/2018 14:08,Benold's Jewelers,4, clear-day,
422,"The Bungalows, 2703 Swisher St, Austin, TX 78705",1/26/2018,12:37:58,Apartment Building,0,1h 10min 35sec,1/26/2018,13:48:33,1/26/2018 12:37,Home,4, cloudy,
423,"Austin, TX 78712",1/26/2018,8:46:44,Public University,0,3h 34min 40sec,1/26/2018,12:21:25,1/26/2018 8:46,The University of Texas at Austin,4, clear-day,
424,"The Bungalows, 2703 Swisher St, Austin, TX 78705",1/25/2018,21:32:04,Apartment Building,0,11h 4min 19sec,1/26/2018,8:36:23,1/25/2018 21:32,Home,3, partly-cloudy-night,
425,"301 E Dean Keeton St, Austin, TX 78712",1/25/2018,18:30:25,School,0,2h 54min 55sec,1/25/2018,21:25:21,1/25/2018 18:30,ECJ,3, partly-cloudy-night,
426,"The Bungalows, 2703 Swisher St, Austin, TX 78705",1/25/2018,17:28:58,Apartment Building,0,0h 54min 25sec,1/25/2018,18:23:23,1/25/2018 17:28,Home,3, partly-cloudy-day,
427,"Austin, TX 78712",1/25/2018,15:26:22,Public University,0,1h 51min 45sec,1/25/2018,17:18:07,1/25/2018 15:26,The University of Texas at Austin,3, clear-day,
428,"301 E Dean Keeton St, Austin, TX 78712",1/25/2018,13:57:46,School,0,1h 16min 42sec,1/25/2018,15:14:28,1/25/2018 13:57,ECJ,3, clear-day,
429,"The Bungalows, 2703 Swisher St, Austin, TX 78705",1/25/2018,12:48:08,Apartment Building,0,0h 53min 58sec,1/25/2018,13:42:06,1/25/2018 12:48,Home,3, clear-day,
430,"Austin, TX",1/25/2018,12:30:42,,0,0h 9min 18sec,1/25/2018,12:40:01,1/25/2018 12:30,University of Texas at Austin,3, clear-day,
431,"Austin, TX 78712",1/25/2018,9:05:31,Public University,0,3h 12min 42sec,1/25/2018,12:18:13,1/25/2018 9:05,The University of Texas at Austin,3, clear-day,
432,"The Bungalows, 2703 Swisher St, Austin, TX 78705",1/24/2018,22:18:52,Apartment Building,0,10h 36min 43sec,1/25/2018,8:55:36,1/24/2018 22:18,Home,2, clear-night,
433,"2525 W Anderson Ln #285, Austin, TX 78757",1/24/2018,20:10:02,Tea House,0,1h 53min 44sec,1/24/2018,22:03:46,1/24/2018 20:10,Tea Haus,2, clear-night,
434,"10901 N Lamar Blvd, Austin, TX 78753",1/24/2018,18:55:11,Shopping Mall,0,0h 58min 30sec,1/24/2018,19:53:41,1/24/2018 18:55,Chinatown Center,2, clear-night,
435,"Austin, TX 78712",1/24/2018,13:54:00,,0,4h 26min 44sec,1/24/2018,18:20:44,1/24/2018 13:54,Norman Hackerman Building,2, clear-day,
436,"The Bungalows, 2703 Swisher St, Austin, TX 78705",1/24/2018,12:30:58,Apartment Building,0,1h 6min 7sec,1/24/2018,13:37:05,1/24/2018 12:30,Home,2, clear-day,
437,"Austin, TX 78712",1/24/2018,8:46:48,Public University,0,3h 39min 45sec,1/24/2018,12:26:34,1/24/2018 8:46,The University of Texas at Austin,2, clear-day,
438,"The Bungalows, 2703 Swisher St, Austin, TX 78705",1/24/2018,0:07:48,Apartment Building,0,8h 32min 51sec,1/24/2018,8:40:39,1/24/2018 0:07,Home,2, clear-night,
439,"11900 Hobby Horse Ct, Austin, TX 78758",1/23/2018,18:46:29,Apartment Building,0,5h 6min 46sec,1/23/2018,23:53:16,1/23/2018 18:46,Radius at the Domain,1, clear-night,
440,"11900 Hobby Horse Ct, Austin, TX 78758",1/23/2018,17:04:09,Apartment Building,0,0h 55min 50sec,1/23/2018,18:00:00,1/23/2018 17:04,Radius at the Domain,1, clear-day,
441,"The Bungalows, 2703 Swisher St, Austin, TX 78705",1/23/2018,15:37:08,Apartment Building,0,0h 58min 55sec,1/23/2018,16:36:03,1/23/2018 15:37,Home,1, clear-day,
442,"Austin, TX 78712",1/23/2018,13:39:33,Public University,0,1h 55min 56sec,1/23/2018,15:35:29,1/23/2018 13:39,The University of Texas at Austin,1, clear-day,
443,"The Bungalows, 2703 Swisher St, Austin, TX 78705",1/22/2018,16:09:21,Apartment Building,0,21h 21min 21sec,1/23/2018,13:30:42,1/22/2018 16:09,Home,0, clear-day,
444,"1190 Chicon St, Austin, TX 78702",1/22/2018,14:55:52,Community Center,0,1h 7min 7sec,1/22/2018,16:02:59,1/22/2018 14:55,Mission Possible Austin,0, clear-day,
445,"The Bungalows, 2703 Swisher St, Austin, TX 78705",1/22/2018,12:55:06,Apartment Building,0,1h 57min 41sec,1/22/2018,14:52:47,1/22/2018 12:55,Home,0, clear-day,
446,"Austin, TX 78712",1/22/2018,8:57:00,Public University,0,3h 40min 16sec,1/22/2018,12:37:17,1/22/2018 8:57,The University of Texas at Austin,0, clear-day,
447,"The Bungalows, 2703 Swisher St, Austin, TX 78705",1/21/2018,22:47:04,Apartment Building,0,9h 56min 25sec,1/22/2018,8:43:29,1/21/2018 22:47,Home,6, partly-cloudy-night,
448,"11900 Hobby Horse Ct, Austin, TX 78758",1/21/2018,22:25:16,Apartment Building,0,0h 7min 36sec,1/21/2018,22:32:53,1/21/2018 22:25,Radius at the Domain,6, clear-night,
449,"The Bungalows, 2703 Swisher St, Austin, TX 78705",1/21/2018,19:16:11,Apartment Building,0,2h 50min 31sec,1/21/2018,22:06:42,1/21/2018 19:16,Home,6, partly-cloudy-night,
450,"4155 N General Bruce Dr, Temple, TX 76501",1/21/2018,18:05:22,Convenience Store,0,0h 8min 10sec,1/21/2018,18:13:32,1/21/2018 18:05,Buc-ee's,6, clear-night,
451,"Plano, TX 75025",1/21/2018,15:04:53,,0,0h 39min 55sec,1/21/2018,15:44:48,1/21/2018 15:04,2217 Stanmore Ln,6, rain,
452,"Plano, TX 75074",1/21/2018,13:16:27,,0,1h 14min 29sec,1/21/2018,14:30:56,1/21/2018 13:16,2428 Bigleaf Ct,6, partly-cloudy-day,
453,"700 E 15th St, Plano, TX 75074",1/21/2018,10:57:26,Seafood,0,2h 10min 23sec,1/21/2018,13:07:50,1/21/2018 10:57,Fish Shack,6, wind,
454,"Plano, Texas",1/21/2018,9:36:53,,0,1h 10min 40sec,1/21/2018,10:47:33,1/21/2018 9:36,Plano,6, wind,
455,"Plano, TX 75074",1/21/2018,1:09:36,,0,8h 21min 44sec,1/21/2018,9:31:20,1/21/2018 1:09,2428 Bigleaf Ct,6, wind,
456,"Plano, TX 75025",1/20/2018,21:15:00,,0,3h 39min 48sec,1/21/2018,0:54:48,1/20/2018 21:15,2217 Stanmore Ln,5, wind,
457,"5901 Winthrop Street Ste 110, Plano, TX 75024",1/20/2018,18:58:48,New American Restaurant,0,2h 0min 53sec,1/20/2018,20:59:41,1/20/2018 18:58,Haywire,5, wind,
458,"Plano, TX 75025",1/20/2018,15:43:29,,0,3h 3min 22sec,1/20/2018,18:46:51,1/20/2018 15:43,2217 Stanmore Ln,5, wind,
459,"Plano, Texas",1/20/2018,14:31:11,,0,0h 15min 16sec,1/20/2018,14:46:27,1/20/2018 14:31,Plano,5, wind,
460,"1520 Independence Pkwy, Plano, TX 75075",1/20/2018,13:37:37,Chinese,0,0h 43min 13sec,1/20/2018,14:20:50,1/20/2018 13:37,Sun Lok Kee BBQ,5, wind,
461,"Plano, TX 75074",1/20/2018,2:10:24,,0,11h 10min 24sec,1/20/2018,13:20:48,1/20/2018 2:10,2428 Bigleaf Ct,5, cloudy,
462,"Plano, TX 75025",1/19/2018,19:59:51,,0,5h 51min 36sec,1/20/2018,1:51:27,1/19/2018 19:59,2217 Stanmore Ln,4, clear-night,
463,"755 S Custer Rd, Allen, TX 75013",1/19/2018,18:45:45,Convenience Store,0,0h 46min 54sec,1/19/2018,19:32:39,1/19/2018 18:45,7-Eleven,4, cloudy,
464,"11900 Hobby Horse Ct, Austin, TX 78758",1/19/2018,14:44:16,Apartment Building,0,0h 6min 25sec,1/19/2018,14:50:42,1/19/2018 14:44,Radius at the Domain,4, clear-day,
465,"2525 W Anderson Ln, Austin, TX 78757",1/19/2018,14:07:56,Shopping Mall,0,0h 17min 9sec,1/19/2018,14:25:05,1/19/2018 14:07,Northcross Mall,4, clear-day,
466,"The Bungalows, 2703 Swisher St, Austin, TX 78705",1/19/2018,12:47:08,Apartment Building,0,1h 8min 12sec,1/19/2018,13:55:20,1/19/2018 12:47,Home,4, cloudy,
467,"Austin, TX 78712",1/19/2018,9:01:47,Public University,0,2h 49min 27sec,1/19/2018,11:51:15,1/19/2018 9:01,The University of Texas at Austin,4, clear-day,
468,"5011 Burnet Rd, Austin, TX 78756",1/19/2018,7:37:51,Eye Care Center,0,0h 55min 7sec,1/19/2018,8:32:59,1/19/2018 7:37,Eye Physicians of Austin,4, clear-day,
469,"The Bungalows, 2703 Swisher St, Austin, TX 78705",1/18/2018,21:26:42,Apartment Building,0,10h 1min 34sec,1/19/2018,7:28:16,1/18/2018 21:26,Home,3, partly-cloudy-night,
470,"301 E Dean Keeton St, Austin, TX 78712",1/18/2018,18:30:28,School,0,2h 50min 7sec,1/18/2018,21:20:35,1/18/2018 18:30,ECJ,3, cloudy,
471,"Austin, TX 78712",1/18/2018,15:06:22,Public University,0,3h 15min 17sec,1/18/2018,18:21:39,1/18/2018 15:06,The University of Texas at Austin,3, clear-day,
472,"Austin, TX",1/18/2018,14:04:28,,0,0h 59min 30sec,1/18/2018,15:03:58,1/18/2018 14:04,University of Texas at Austin,3, clear-day,
473,"The Bungalows, 2703 Swisher St, Austin, TX 78705",1/18/2018,11:34:04,Apartment Building,0,2h 24min 54sec,1/18/2018,13:58:58,1/18/2018 11:34,Home,3, cloudy,
474,"Austin, TX 78712",1/18/2018,8:57:44,Public University,0,2h 28min 54sec,1/18/2018,11:26:38,1/18/2018 8:57,The University of Texas at Austin,3, clear-day,
475,"The Bungalows, 2703 Swisher St, Austin, TX 78705",1/17/2018,23:28:55,Apartment Building,0,9h 23min 11sec,1/18/2018,8:52:06,1/17/2018 23:28,Home,2, clear-night,
476,"11900 Hobby Horse Ct, Austin, TX 78758",1/17/2018,18:33:07,Apartment Building,0,4h 37min 10sec,1/17/2018,23:10:17,1/17/2018 18:33,Radius at the Domain,2, clear-night,
477,"11150 Research Blvd #216, Austin, TX 78759",1/17/2018,17:38:27,Sushi,0,0h 44min 40sec,1/17/2018,18:23:07,1/17/2018 17:38,Poke House Austin,2, clear-day,
478,"The Bungalows, 2703 Swisher St, Austin, TX 78705",1/17/2018,12:44:47,Apartment Building,0,4h 20min 51sec,1/17/2018,17:05:38,1/17/2018 12:44,Home,2, clear-day,
479,"Austin, TX 78712",1/17/2018,9:00:07,Public University,0,3h 28min 29sec,1/17/2018,12:28:36,1/17/2018 9:00,The University of Texas at Austin,2, clear-day,
480,"The Bungalows, 2703 Swisher St, Austin, TX 78705",1/16/2018,20:56:41,Apartment Building,0,11h 49min 39sec,1/17/2018,8:46:21,1/16/2018 20:56,Home,1, clear-night,
481,"2230-32, Guadalupe St, Austin, TX 78705",1/16/2018,19:39:27,Mexican,0,1h 11min 9sec,1/16/2018,20:50:36,1/16/2018 19:39,Chipotle Mexican Grill,1, clear-night,
482,"Austin, TX 78712",1/16/2018,18:21:09,Public University,0,0h 59min 1sec,1/16/2018,19:20:11,1/16/2018 18:21,The University of Texas at Austin,1, cloudy,
483,"The Bungalows, 2703 Swisher St, Austin, TX 78705",1/16/2018,13:20:43,Apartment Building,0,4h 46min 43sec,1/16/2018,18:07:26,1/16/2018 13:20,Home,1, wind,
484,"10401 Research Blvd, Austin, TX 78759",1/16/2018,12:06:39,Warehouse store,0,0h 55min 29sec,1/16/2018,13:02:08,1/16/2018 12:06,Costco Wholesale,1, partly-cloudy-day,
485,"The Bungalows, 2703 Swisher St, Austin, TX 78705",1/15/2018,20:46:50,Apartment Building,0,14h 52min 49sec,1/16/2018,11:39:39,1/15/2018 20:46,Home,0, partly-cloudy-night,
486,"7020 Easy Wind Dr, Austin, TX 78752",1/15/2018,18:34:44,Brewpub,0,2h 2min 13sec,1/15/2018,20:36:57,1/15/2018 18:34,Black Star Co-op,0, partly-cloudy-night,
487,Texas 76557,1/15/2018,16:55:49,,0,0h 7min 5sec,1/15/2018,17:02:54,1/15/2018 16:55,Moody,0, clear-day,
488,"102 NE, I-35, Hillsboro, TX 76645",1/15/2018,15:50:31,Coffee Shop,0,0h 6min 2sec,1/15/2018,15:56:33,1/15/2018 15:50,Starbucks,0, clear-day,
489,"151 W Spring Creek Pkwy, Plano, TX 75023",1/15/2018,12:33:56,Seafood,0,1h 36min 9sec,1/15/2018,14:10:05,1/15/2018 12:33,Fish House Family Cuisine,0, clear-day,
490,"755 S Custer Rd, Allen, TX 75013",1/15/2018,11:05:29,Convenience Store,0,1h 10min 47sec,1/15/2018,12:16:16,1/15/2018 11:05,7-Eleven,0, clear-day,
491,"Plano, TX 75074",1/14/2018,19:40:39,,0,15h 0min 32sec,1/15/2018,10:41:11,1/14/2018 19:40,2428 Bigleaf Ct,6, clear-night,
492,"1520 Independence Pkwy, Plano, TX 75075",1/14/2018,18:57:39,Chinese,0,0h 30min 36sec,1/14/2018,19:28:15,1/14/2018 18:57,Sun Lok Kee BBQ,6, clear-night,
493,"Plano, Texas",1/14/2018,18:32:39,,0,0h 9min 45sec,1/14/2018,18:42:24,1/14/2018 18:32,Plano,6, clear-night,
494,"800 E Parker Rd, Plano, TX 75074",1/14/2018,18:20:50,Convenience Store,0,0h 8min 23sec,1/14/2018,18:29:13,1/14/2018 18:20,7-Eleven,6, clear-night,
495,"2400 Aviation Dr, DFW Airport, TX 75261",1/14/2018,17:18:34,Airport,0,0h 31min 48sec,1/14/2018,17:50:23,1/14/2018 17:18,DFW International Airport,6, clear-day,
496,"Queens, NY 11371",1/14/2018,11:43:49,Airport,0,1h 38min 25sec,1/14/2018,13:22:14,1/14/2018 11:43,LaGuardia Airport,6, partly-cloudy-day,
497,"52 Mulberry St, New York, NY 10013",1/14/2018,10:53:26,Luxury Hotel,0,0h 29min 54sec,1/14/2018,11:23:20,1/14/2018 10:53,Hotel Mulberry,6, clear-day,
498,"New York, NY",1/14/2018,10:40:36,,0,0h 10min 48sec,1/14/2018,10:51:24,1/14/2018 10:40,Chinatown,6, clear-day,
499,"New York, NY",1/14/2018,9:27:02,,0,1h 9min 29sec,1/14/2018,10:36:32,1/14/2018 9:27,Chinatown,6, clear-day,
500,"New York, NY",1/14/2018,8:44:22,,0,0h 39min 9sec,1/14/2018,9:23:31,1/14/2018 8:44,Chinatown,6, clear-day,
501,"52 Mulberry St, New York, NY 10013",1/13/2018,22:08:02,Luxury Hotel,0,10h 29min 16sec,1/14/2018,8:37:18,1/13/2018 22:08,Hotel Mulberry,5, clear-night,
502,"New York, NY 10018",1/13/2018,21:40:37,Subway Station,0,0h 7min 0sec,1/13/2018,21:47:37,1/13/2018 21:40,Times Sq-42 St Subway Station,5, clear-night,
503,"312 W 37th St, New York, NY 10018",1/13/2018,18:43:28,Extended Stay Hotel,0,2h 51min 23sec,1/13/2018,21:34:51,1/13/2018 18:43,"Homewood Suites by Hilton New York/Midtown Manhattan Times Square-South, NY",5, clear-night,
504,"New York, NY",1/13/2018,18:07:14,,0,0h 9min 55sec,1/13/2018,18:17:10,1/13/2018 18:07,Greenwich Village,5, clear-night,
505,"17 Waverly Pl, New York, NY 10003",1/13/2018,15:51:41,Cajun,0,2h 11min 40sec,1/13/2018,18:03:22,1/13/2018 15:51,The Boil,5, clear-night,
506,"724 Broadway, New York, NY 10003",1/13/2018,15:05:20,Fast Food,0,0h 44min 46sec,1/13/2018,15:50:06,1/13/2018 15:05,McDonald's,5, clear-day,
507,"New York, NY",1/13/2018,14:31:21,,0,0h 7min 41sec,1/13/2018,14:39:03,1/13/2018 14:31,Financial District,5, clear-day,
508,"1 Bay St, Staten Island, NY 10301",1/13/2018,13:28:09,Ferry Terminal,0,0h 39min 27sec,1/13/2018,14:07:36,1/13/2018 13:28,St. George Ferry Terminal,5, clear-day,
509,"New York, NY",1/13/2018,12:26:45,,0,0h 10min 39sec,1/13/2018,12:37:24,1/13/2018 12:26,Financial District,5, clear-day,
510,"52 Mulberry St, New York, NY 10013",1/13/2018,11:46:18,Luxury Hotel,0,0h 27min 41sec,1/13/2018,12:13:59,1/13/2018 11:46,Hotel Mulberry,5, clear-day,
511,"18 E Broadway, New York, NY 10002",1/13/2018,10:40:45,Chinese,0,1h 2min 3sec,1/13/2018,11:42:48,1/13/2018 10:40,Golden Unicorn,5, clear-day,
512,"52 Mulberry St, New York, NY 10013",1/12/2018,23:03:10,Luxury Hotel,0,11h 35min 12sec,1/13/2018,10:38:22,1/12/2018 23:03,Hotel Mulberry,4, rain,
513,"481 8th Ave, New York, NY 10001",1/12/2018,21:50:35,Hotel,0,0h 48min 29sec,1/12/2018,22:39:04,1/12/2018 21:50,"The New Yorker, A Wyndham Hotel",4, rain,
514,"245 W 44th St, New York, NY 10036",1/12/2018,18:47:45,Performing Arts Theater,0,2h 47min 19sec,1/12/2018,21:35:04,1/12/2018 18:47,Majestic Theatre,4, rain,
515,"Manhattan, NY 10036",1/12/2018,15:53:29,Plaza,0,2h 40min 42sec,1/12/2018,18:34:11,1/12/2018 15:53,Times Square,4, cloudy,
516,"New York, NY",1/12/2018,15:12:49,,0,0h 6min 10sec,1/12/2018,15:18:59,1/12/2018 15:12,Garment District,4, rain,
517,"52 Mulberry St, New York, NY 10013",1/12/2018,13:11:25,Luxury Hotel,0,0h 41min 30sec,1/12/2018,13:52:55,1/12/2018 13:11,Hotel Mulberry,4, rain,
518,"13 Mott St, New York, NY 10013",1/12/2018,12:04:25,Chinese,0,0h 54min 39sec,1/12/2018,12:59:04,1/12/2018 12:04,Noodle Village,4, rain,
519,"215 Centre St, New York, NY 10013",1/12/2018,9:56:08,History Museum,0,1h 57min 28sec,1/12/2018,11:53:37,1/12/2018 9:56,Museum of Chinese In America,4, rain,
520,"45 Mott St, New York, NY 10013",1/12/2018,9:09:46,Chinese,0,0h 35min 46sec,1/12/2018,9:45:32,1/12/2018 9:09,Cha Chan Tang,4, rain,
521,"52 Mulberry St, New York, NY 10013",1/11/2018,19:34:02,Luxury Hotel,0,13h 35min 42sec,1/12/2018,9:09:45,1/11/2018 19:34,Hotel Mulberry,3, clear-night,
522,"93 Baxter St, New York, NY 10013",1/11/2018,18:35:01,Italian,0,0h 56min 14sec,1/11/2018,19:31:15,1/11/2018 18:35,Forlini's,3, clear-night,
523,"New York, NY",1/11/2018,18:16:47,,0,0h 6min 31sec,1/11/2018,18:23:18,1/11/2018 18:16,Financial District,3, clear-night,
524,"New York, NY 10281",1/11/2018,17:48:14,,0,0h 15min 26sec,1/11/2018,18:03:40,1/11/2018 17:48,230 Vesey St,3, clear-night,
525,"185 Greenwich St, New York, NY 10007",1/11/2018,17:18:34,Shopping Mall,0,0h 28min 35sec,1/11/2018,17:47:09,1/11/2018 17:18,Westfield World Trade Center,3, clear-night,
526,"New York, NY",1/11/2018,16:47:24,,0,0h 19min 28sec,1/11/2018,17:06:52,1/11/2018 16:47,Financial District,3, clear-night,
527,"New York, NY",1/11/2018,16:24:47,,0,0h 12min 31sec,1/11/2018,16:37:19,1/11/2018 16:24,Financial District,3, clear-night,
528,"New York, NY",1/11/2018,16:11:35,,0,0h 9min 49sec,1/11/2018,16:21:25,1/11/2018 16:11,Financial District,3, clear-night,
529,"3, 3 Hanover Square, New York, NY 10004",1/11/2018,15:56:23,Bagel Shop,0,0h 6min 2sec,1/11/2018,16:02:25,1/11/2018 15:56,Leo's Bagels,3, partly-cloudy-night,
530,"110 Pearl St, New York, NY 10005",1/11/2018,15:26:47,Coffee Shop,0,0h 24min 44sec,1/11/2018,15:51:31,1/11/2018 15:26,Starbucks,3, partly-cloudy-day,
531,"Brooklyn, NY 11201",1/11/2018,15:05:19,Park,0,0h 14min 1sec,1/11/2018,15:19:20,1/11/2018 15:05,334 Furman St,3, partly-cloudy-day,
532,"New York, NY 10038",1/11/2018,14:02:52,Bridge,0,0h 6min 25sec,1/11/2018,14:09:18,1/11/2018 14:02,Brooklyn Bridge,3, clear-day,
533,"52 Mulberry St, New York, NY 10013",1/11/2018,11:19:42,Luxury Hotel,0,2h 23min 18sec,1/11/2018,13:43:01,1/11/2018 11:19,Hotel Mulberry,3, cloudy,
534,"New York, NY 10013",1/11/2018,11:02:11,,0,0h 7min 41sec,1/11/2018,11:09:52,1/11/2018 11:02,Little Italy,3, cloudy,
535,"79 Chrystie St, New York, NY 10002",1/11/2018,10:25:04,Chinese,0,0h 36min 50sec,1/11/2018,11:01:54,1/11/2018 10:25,Wah Fung Fast Food,3, clear-day,
536,"New York, NY",1/11/2018,10:13:45,,0,0h 11min 3sec,1/11/2018,10:24:49,1/11/2018 10:13,Chinatown,3, clear-day,
537,"52 Mulberry St, New York, NY 10013",1/10/2018,20:04:03,Luxury Hotel,0,14h 1min 1sec,1/11/2018,10:05:05,1/10/2018 20:04,Hotel Mulberry,2, cloudy,
538,"42 Bowery, New York, NY 10013",1/10/2018,18:49:18,Cantonese Restaurant,0,1h 12min 35sec,1/10/2018,20:01:53,1/10/2018 18:49,Sing Kee,2, partly-cloudy-night,
539,"52 Mulberry St, New York, NY 10013",1/10/2018,17:28:19,Luxury Hotel,0,1h 18min 57sec,1/10/2018,18:47:16,1/10/2018 17:28,Hotel Mulberry,2, partly-cloudy-night,
540,"85 Kenmare Street, store #2, new york, NY 10012",1/10/2018,17:20:35,Bubble Tea,0,0h 2min 3sec,1/10/2018,17:22:38,1/10/2018 17:20,Bar Pa Tea,2, partly-cloudy-night,
541,"68 Kenmare St, New York, NY 10012",1/10/2018,16:40:56,Chinese,0,0h 39min 39sec,1/10/2018,17:20:35,1/10/2018 16:40,Xi'an Famous Foods,2, clear-night,
542,"52 Mulberry St, New York, NY 10013",1/10/2018,16:16:22,Luxury Hotel,0,0h 16min 41sec,1/10/2018,16:33:03,1/10/2018 16:16,Hotel Mulberry,2, clear-night,
543,"Queens, NY 11371",1/10/2018,14:51:55,Airport,0,0h 31min 40sec,1/10/2018,15:23:36,1/10/2018 14:51,LaGuardia Airport,2, partly-cloudy-day,
544,"2400 Aviation Dr, DFW Airport, TX 75261",1/10/2018,9:35:49,Airport,0,2h 0min 23sec,1/10/2018,11:36:12,1/10/2018 9:35,DFW International Airport,2, wind,
545,"Plano, TX 75074",1/9/2018,22:46:07,,0,10h 11min 33sec,1/10/2018,8:57:40,1/9/2018 22:46,2428 Bigleaf Ct,1, clear-night,
546,"755 S Custer Rd, Allen, TX 75013",1/9/2018,21:34:32,Convenience Store,0,0h 58min 47sec,1/9/2018,22:33:19,1/9/2018 21:34,7-Eleven,1, cloudy,
547,"Town and Country Blvd, Frisco, TX 75034",1/9/2018,20:10:10,Condominium Complex,0,1h 9min 23sec,1/9/2018,21:19:34,1/9/2018 20:10,Amalfi Stonebriar,1, partly-cloudy-night,
548,"7800 Windrose Ave, Plano, TX 75024",1/9/2018,18:32:12,Eclectic Restaurant,0,1h 27min 57sec,1/9/2018,20:00:09,1/9/2018 18:32,Legacy Hall,1, clear-night,
549,"Plano, TX 75074",1/9/2018,13:35:55,,0,4h 27min 31sec,1/9/2018,18:03:26,1/9/2018 13:35,2428 Bigleaf Ct,1, clear-day,
550,"2070 W Spring Creek Pkwy #336, Plano, TX 75023",1/9/2018,13:06:06,Hair Salon,0,0h 21min 31sec,1/9/2018,13:27:38,1/9/2018 13:06,TK Hair Salon - Extensions & Haircuts Plano,1, clear-day,
551,"500 E Spring Creek Pkwy, Plano, TX 75074",1/9/2018,11:16:27,Restaurant,0,1h 37min 27sec,1/9/2018,12:53:55,1/9/2018 11:16,Chipotle Mexican Grill,1, partly-cloudy-day,
552,"Plano, TX 75074",1/9/2018,0:57:38,,0,10h 4min 15sec,1/9/2018,11:01:53,1/9/2018 0:57,2428 Bigleaf Ct,1, clear-night,
553,"755 S Custer Rd, Allen, TX 75013",1/8/2018,18:40:27,Convenience Store,0,6h 4min 55sec,1/9/2018,0:45:22,1/8/2018 18:40,7-Eleven,0, clear-night,
554,"Plano, TX 75074",1/8/2018,15:18:00,,0,3h 9min 29sec,1/8/2018,18:27:29,1/8/2018 15:18,2428 Bigleaf Ct,0, clear-day,
555,"Richardson, Texas",1/8/2018,14:22:38,,0,0h 43min 3sec,1/8/2018,15:05:41,1/8/2018 14:22,Richardson,0, clear-day,
556,"2150 N Collins Blvd, Richardson, TX 75080",1/8/2018,13:16:14,Sushi,0,0h 58min 6sec,1/8/2018,14:14:20,1/8/2018 13:16,Sushi Sake,0, clear-day,
557,"Plano, TX 75074",1/7/2018,15:25:28,,0,21h 38min 51sec,1/8/2018,13:04:19,1/7/2018 15:25,2428 Bigleaf Ct,6, partly-cloudy-day,
558,"11900 Hobby Horse Ct, Austin, TX 78758",1/7/2018,10:57:46,Apartment Building,0,0h 38min 16sec,1/7/2018,11:36:03,1/7/2018 10:57,Radius at the Domain,6, partly-cloudy-day,
559,"Austin, TX",1/7/2018,9:05:23,,0,1h 40min 4sec,1/7/2018,10:45:27,1/7/2018 9:05,St. Johns,6, clear-day,
560,"The Bungalows, 2703 Swisher St, Austin, TX 78705",1/6/2018,21:22:45,Apartment Building,0,11h 35min 6sec,1/7/2018,8:57:51,1/6/2018 21:22,Home,5, clear-night,
561,"7010 West Highway 71, Austin, TX 78735",1/6/2018,20:46:11,Shopping Mall,0,0h 19min 18sec,1/6/2018,21:05:29,1/6/2018 20:46,Center of the Hills,5, partly-cloudy-night,
562,"4612, 312 E Main St, Fredericksburg, TX 78624",1/6/2018,18:11:21,German,0,1h 5min 5sec,1/6/2018,19:16:26,1/6/2018 18:11,Der Lindenbaum,5, clear-night,
563,"16710 Ranch Road 965, Fredericksburg, TX 78624",1/6/2018,16:34:36,State Park,0,1h 18min 48sec,1/6/2018,17:53:24,1/6/2018 16:34,Enchanted Rock State Natural Area,5, clear-day,
564,"1207 North Loop 1604 W, San Antonio, TX 78258",1/6/2018,13:15:43,Shopping Mall,0,0h 33min 54sec,1/6/2018,13:49:38,1/6/2018 13:15,Vineyard Shopping Center,5, partly-cloudy-day,
565,"The Bungalows, 2703 Swisher St, Austin, TX 78705",1/6/2018,11:42:30,Apartment Building,0,0h 18min 17sec,1/6/2018,12:00:47,1/6/2018 11:42,Home,5, clear-day,
566,"11900 Hobby Horse Ct, Austin, TX 78758",1/6/2018,10:53:38,Apartment Building,0,0h 30min 55sec,1/6/2018,11:24:33,1/6/2018 10:53,Radius at the Domain,5, clear-day,
567,"1700 W Parmer Ln #210, Austin, TX 78727",1/6/2018,9:28:11,Tea House,0,1h 20min 32sec,1/6/2018,10:48:43,1/6/2018 9:28,Teapioca Lounge,5, clear-day,
568,"11900 Hobby Horse Ct, Austin, TX 78758",1/5/2018,21:22:07,Apartment Building,0,12h 1min 7sec,1/6/2018,9:23:15,1/5/2018 21:22,Radius at the Domain,4, clear-night,
569,"Austin, TX 78753",1/5/2018,19:07:06,,0,2h 0min 40sec,1/5/2018,21:07:46,1/5/2018 19:07,12800 Harrisglenn Dr,4, clear-night,
570,"11900 Hobby Horse Ct, Austin, TX 78758",1/5/2018,17:15:39,Apartment Building,0,1h 34min 11sec,1/5/2018,18:49:51,1/5/2018 17:15,Radius at the Domain,4, clear-day,
571,"3564 Far West Blvd, Austin, TX 78731",1/5/2018,16:26:49,Auto Repair Shop,0,0h 37min 8sec,1/5/2018,17:03:57,1/5/2018 16:26,Lamb's Tire & Automotive #4 (Far West),4, clear-day,
572,"2900 W Anderson Ln, Austin, TX 78757",1/5/2018,16:13:25,Jewelry Store,0,0h 8min 58sec,1/5/2018,16:22:23,1/5/2018 16:13,Benold's Jewelers,4, clear-day,
573,"11005 Burnet Rd, Austin, TX 78758",1/5/2018,11:37:45,Shopping Mall,0,4h 23min 36sec,1/5/2018,16:01:21,1/5/2018 11:37,Summermoon Coffee Bar,4, clear-day,
574,"The Bungalows, 2703 Swisher St, Austin, TX 78705",1/5/2018,0:38:52,Apartment Building,0,10h 44min 14sec,1/5/2018,11:23:07,1/5/2018 0:38,Home,4, partly-cloudy-night,
575,"The Bungalows, 2703 Swisher St, Austin, TX 78705",1/4/2018,0:20:30,Apartment Building,0,10h 37min 15sec,1/4/2018,10:57:46,1/4/2018 0:20,Home,3, clear-night,
576,"11900 Hobby Horse Ct, Austin, TX 78758",1/3/2018,18:04:49,Apartment Building,0,6h 0min 1sec,1/4/2018,0:04:51,1/3/2018 18:04,Radius at the Domain,2, clear-night,
577,"1000 E 41st St, Austin, TX 78751",1/3/2018,17:05:35,Shopping Mall,0,0h 39min 3sec,1/3/2018,17:44:38,1/3/2018 17:05,Hancock Center,2, clear-day,
578,"The Bungalows, 2703 Swisher St, Austin, TX 78705",1/3/2018,13:55:49,Apartment Building,0,3h 7min 9sec,1/3/2018,17:02:59,1/3/2018 13:55,Home,2, clear-day,
579,"Austin, TX 78757",1/3/2018,13:24:19,,0,0h 8min 28sec,1/3/2018,13:32:47,1/3/2018 13:24,2900 W Anderson Ln,2, clear-day,
580,"3737 Executive Center Dr Ste. 210, Austin, TX 78731",1/3/2018,13:01:12,Public Relations Firm,0,0h 19min 4sec,1/3/2018,13:20:16,1/3/2018 13:01,Ketner Group PR + Marketing,2, clear-day,
581,"9003 Waterford Centre Blvd Suite 180, Austin, TX 78758",1/3/2018,12:20:14,Mexican,0,0h 22min 10sec,1/3/2018,12:42:24,1/3/2018 12:20,Veracruz All Natural,2, clear-day,
582,"3737 Executive Center Dr Ste. 210, Austin, TX 78731",1/3/2018,12:04:26,Public Relations Firm,0,0h 7min 45sec,1/3/2018,12:12:11,1/3/2018 12:04,Ketner Group PR + Marketing,2, clear-day,
583,"11900 Hobby Horse Ct, Austin, TX 78758",1/3/2018,0:31:56,Apartment Building,0,11h 24min 10sec,1/3/2018,11:56:07,1/3/2018 0:31,Radius at the Domain,2, clear-night,
584,"Plano, Texas",1/2/2018,21:16:05,,0,0h 7min 18sec,1/2/2018,21:23:24,1/2/2018 21:16,Plano,1, cloudy,
585,"Plano, TX 75074",1/2/2018,20:10:44,,0,0h 50min 25sec,1/2/2018,21:01:09,1/2/2018 20:10,2428 Bigleaf Ct,1, cloudy,
586,"755 S Custer Rd, Allen, TX 75013",1/2/2018,16:27:49,Convenience Store,0,3h 28min 5sec,1/2/2018,19:55:54,1/2/2018 16:27,7-Eleven,1, partly-cloudy-day,
587,"Plano, TX 75075",1/2/2018,12:55:57,,0,3h 16min 9sec,1/2/2018,16:12:06,1/2/2018 12:55,Gosling Dr,1, partly-cloudy-day,
588,"500 E Spring Creek Pkwy, Plano, TX 75074",1/2/2018,12:37:58,Restaurant,0,0h 11min 35sec,1/2/2018,12:49:33,1/2/2018 12:37,Chipotle Mexican Grill,1, partly-cloudy-day,
589,"7201 Central Expy, Plano, TX 75025",1/2/2018,10:31:40,Movie Theater,0,2h 3min 18sec,1/2/2018,12:34:59,1/2/2018 10:31,Cinemark Legacy and XD,1, partly-cloudy-day,
590,"Plano, TX 75074",1/2/2018,1:26:41,,0,8h 43min 53sec,1/2/2018,10:10:34,1/2/2018 1:26,2428 Bigleaf Ct,1, clear-night,
591,"2500 Central Expy, Plano, TX 75074",1/2/2018,0:02:48,Thai,0,1h 3min 30sec,1/2/2018,1:06:19,1/2/2018 0:02,Zenna,1, clear-night,
592,"2924 Lucas Dr, Dallas, TX 75219",1/1/2018,19:52:26,Apartment Building,0,3h 45min 3sec,1/1/2018,23:37:29,1/1/2018 19:52,Aura Cedar Apartments,0, clear-night,
593,"Plano, TX 75023",1/1/2018,19:15:12,,0,0h 6min 18sec,1/1/2018,19:21:31,1/1/2018 19:15,701 Legacy Dr,0, clear-night,
594,"Plano, TX 75074",1/1/2018,18:26:23,,0,0h 40min 29sec,1/1/2018,19:06:52,1/1/2018 18:26,2428 Bigleaf Ct,0, clear-night,
595,"3320 K Ave, Plano, TX 75074",1/1/2018,18:12:35,Korean Grocery Store,0,0h 10min 28sec,1/1/2018,18:23:03,1/1/2018 18:12,H Mart,0, clear-night,
596,"400 N Greenville Ave #23, Richardson, TX 75081",1/1/2018,16:07:33,Cafe,0,1h 45min 55sec,1/1/2018,17:53:28,1/1/2018 16:07,"Tapioca House, Richardson",0, clear-day,
597,"2100 W 15th St, Plano, TX 75075",1/1/2018,14:48:56,Fast Food,0,0h 39min 3sec,1/1/2018,15:27:59,1/1/2018 14:48,McDonald's,0, clear-day,
598,"1520 Independence Pkwy, Plano, TX 75075",1/1/2018,13:40:51,Chinese,0,1h 5min 53sec,1/1/2018,14:46:44,1/1/2018 13:40,Sun Lok Kee BBQ,0, clear-day,
599,"Plano, TX 75074",1/1/2018,3:32:23,,0,9h 39min 20sec,1/1/2018,13:11:43,1/1/2018 3:32,2428 Bigleaf Ct,0, clear-night,
